Time,COâ‚‚(ppm),Temperature(C),Humidity(%),Pressure(hPa)
07/10/2021 14:37:48,"907","23.5","56","1017"
07/10/2021 14:42:48,"917","23.5","56","1017"
07/10/2021 14:47:48,"945","23.5","56","1017"
07/10/2021 14:52:48,"971","23.5","56","1017"
07/10/2021 14:57:48,"984","23.6","56","1017"
07/10/2021 15:02:48,"970","23.6","56","1017"
07/10/2021 15:07:48,"985","23.6","56","1017"
07/10/2021 15:12:48,"1011","23.7","56","1017"
07/10/2021 15:17:48,"957","23.7","57","1017"
07/10/2021 15:22:48,"831","23.6","56","1017"
07/10/2021 15:27:48,"851","23.6","56","1017"
07/10/2021 15:32:48,"777","23.6","56","1017"
07/10/2021 15:37:48,"724","23.5","56","1017"
07/10/2021 15:42:48,"710","23.5","55","1017"
07/10/2021 15:47:48,"682","23.5","55","1017"
07/10/2021 15:52:48,"684","23.5","55","1017"
07/10/2021 15:57:48,"675","23.5","55","1017"
07/10/2021 16:02:48,"661","23.5","55","1017"
07/10/2021 16:07:48,"628","23.4","55","1017"
07/10/2021 16:12:48,"602","23.4","55","1017"
07/10/2021 16:17:48,"566","23.4","55","1017"
07/10/2021 16:22:48,"568","23.4","55","1017"
07/10/2021 16:27:48,"565","23.4","55","1017"
07/10/2021 16:32:48,"551","23.3","55","1017"
07/10/2021 16:37:48,"558","23.2","55","1017"
07/10/2021 16:42:48,"542","23.2","55","1017"
07/10/2021 16:47:48,"543","23.2","55","1017"
07/10/2021 16:52:48,"565","23.2","55","1017"
07/10/2021 16:57:48,"574","23.2","55","1017"
07/10/2021 17:02:48,"590","23.2","56","1017"
07/10/2021 17:07:48,"623","23.2","55","1017"
07/10/2021 17:12:48,"625","23.2","55","1017"
07/10/2021 17:17:48,"618","23.2","55","1017"
07/10/2021 17:22:48,"607","23.2","55","1017"
07/10/2021 17:27:48,"611","23.2","55","1017"
07/10/2021 17:32:48,"609","23.2","55","1017"
07/10/2021 17:37:48,"626","23.2","55","1018"
07/10/2021 17:42:48,"608","23.2","55","1018"
07/10/2021 17:47:48,"623","23.2","55","1018"
07/10/2021 17:52:48,"601","23.2","55","1018"
07/10/2021 17:57:48,"618","23.2","55","1018"
07/10/2021 18:02:48,"611","23.2","55","1018"
07/10/2021 18:07:48,"617","23.2","55","1018"
07/10/2021 18:12:48,"611","23.2","55","1018"
07/10/2021 18:17:48,"612","23.2","55","1018"
07/10/2021 18:22:48,"623","23.2","55","1018"
07/10/2021 18:27:48,"597","23.1","55","1018"
07/10/2021 18:32:48,"605","23.2","55","1018"
07/10/2021 18:37:48,"608","23.1","55","1018"
07/10/2021 18:42:48,"604","23.2","55","1018"
07/10/2021 18:47:48,"599","23.1","55","1018"
07/10/2021 18:52:48,"583","23.1","55","1018"
07/10/2021 18:57:48,"592","23.1","55","1018"
07/10/2021 19:02:48,"592","23.1","55","1018"
07/10/2021 19:07:48,"590","23.1","55","1018"
07/10/2021 19:12:48,"598","23.1","55","1019"
07/10/2021 19:17:48,"584","23.1","55","1019"
07/10/2021 19:22:48,"595","23.1","55","1019"
07/10/2021 19:27:48,"580","23.1","55","1019"
07/10/2021 19:32:48,"586","23.1","55","1019"
07/10/2021 19:37:48,"581","23.1","54","1019"
07/10/2021 19:42:48,"574","23.1","55","1019"
07/10/2021 19:47:48,"571","23.0","54","1019"
07/10/2021 19:52:48,"570","23.0","55","1019"
07/10/2021 19:57:48,"577","23.0","54","1019"
07/10/2021 20:02:48,"572","23.0","54","1019"
07/10/2021 20:07:48,"577","23.0","54","1019"
07/10/2021 20:12:48,"573","23.0","54","1019"
07/10/2021 20:17:48,"573","23.0","55","1019"
07/10/2021 20:22:48,"577","23.0","55","1019"
07/10/2021 20:27:48,"576","23.0","55","1019"
07/10/2021 20:32:48,"580","23.0","54","1019"
07/10/2021 20:37:48,"561","23.0","54","1019"
07/10/2021 20:42:48,"574","23.0","54","1019"
07/10/2021 20:47:48,"564","23.0","54","1019"
07/10/2021 20:52:48,"559","23.0","54","1019"
07/10/2021 20:57:48,"565","23.0","54","1019"
07/10/2021 21:02:48,"564","23.0","54","1019"
07/10/2021 21:07:48,"566","23.0","55","1019"
07/10/2021 21:12:48,"558","23.0","54","1019"
07/10/2021 21:17:48,"560","23.0","54","1019"
07/10/2021 21:22:48,"570","23.0","55","1019"
07/10/2021 21:27:48,"544","23.0","55","1019"
07/10/2021 21:32:48,"571","23.0","54","1019"
07/10/2021 21:37:48,"551","23.0","55","1019"
07/10/2021 21:42:48,"547","23.0","55","1019"
07/10/2021 21:47:48,"558","23.0","54","1019"
07/10/2021 21:52:48,"566","23.0","54","1019"
07/10/2021 21:57:48,"552","23.0","55","1019"
07/10/2021 22:02:48,"546","22.9","55","1019"
07/10/2021 22:07:48,"548","22.9","54","1019"
07/10/2021 22:12:48,"556","23.0","54","1019"
07/10/2021 22:17:48,"537","22.9","55","1019"
07/10/2021 22:22:48,"547","23.0","54","1019"
07/10/2021 22:27:48,"548","22.9","54","1019"
07/10/2021 22:32:48,"549","22.9","54","1019"
07/10/2021 22:37:48,"536","22.9","54","1019"
07/10/2021 22:42:48,"533","22.9","54","1020"
07/10/2021 22:47:48,"526","22.9","54","1020"
07/10/2021 22:52:48,"539","22.9","54","1020"
07/10/2021 22:57:48,"532","22.9","54","1020"
07/10/2021 23:02:48,"539","22.9","54","1020"
07/10/2021 23:07:48,"522","22.9","54","1020"
07/10/2021 23:12:48,"532","22.9","54","1020"
07/10/2021 23:17:48,"526","22.9","54","1020"
07/10/2021 23:22:48,"519","22.9","54","1020"
07/10/2021 23:27:48,"527","22.9","54","1020"
07/10/2021 23:32:48,"541","22.9","54","1020"
07/10/2021 23:37:48,"523","22.9","54","1020"
07/10/2021 23:42:48,"528","22.9","54","1020"
07/10/2021 23:47:48,"514","22.8","54","1020"
07/10/2021 23:52:48,"537","22.8","54","1020"
07/10/2021 23:57:48,"537","22.9","54","1020"
08/10/2021 00:02:48,"526","22.8","54","1020"
08/10/2021 00:07:48,"525","22.8","54","1021"
08/10/2021 00:12:48,"520","22.8","54","1021"
08/10/2021 00:17:48,"519","22.8","54","1021"
08/10/2021 00:22:48,"523","22.8","54","1021"
08/10/2021 00:27:48,"516","22.8","54","1021"
08/10/2021 00:32:48,"518","22.8","54","1021"
08/10/2021 00:37:48,"510","22.8","54","1021"
08/10/2021 00:42:48,"522","22.8","54","1021"
08/10/2021 00:47:48,"521","22.8","54","1021"
08/10/2021 00:52:48,"517","22.8","54","1021"
08/10/2021 00:57:48,"517","22.8","54","1022"
08/10/2021 01:02:48,"519","22.8","54","1021"
08/10/2021 01:07:48,"496","22.8","54","1021"
08/10/2021 01:12:48,"505","22.8","54","1022"
08/10/2021 01:17:48,"514","22.8","54","1022"
08/10/2021 01:22:48,"523","22.8","54","1022"
08/10/2021 01:27:48,"516","22.8","54","1022"
08/10/2021 01:32:48,"511","22.8","54","1022"
08/10/2021 01:37:48,"530","22.7","54","1022"
08/10/2021 01:42:48,"521","22.7","54","1022"
08/10/2021 01:47:48,"508","22.7","54","1022"
08/10/2021 01:52:48,"512","22.7","54","1022"
08/10/2021 01:57:48,"515","22.7","54","1022"
08/10/2021 02:02:48,"513","22.7","54","1022"
08/10/2021 02:07:48,"512","22.7","54","1022"
08/10/2021 02:12:48,"509","22.7","54","1022"
08/10/2021 02:17:48,"503","22.6","54","1022"
08/10/2021 02:22:48,"513","22.7","54","1022"
08/10/2021 02:27:48,"501","22.7","54","1022"
08/10/2021 02:32:48,"508","22.7","54","1022"
08/10/2021 02:37:48,"512","22.6","54","1022"
08/10/2021 02:42:48,"505","22.6","54","1022"
08/10/2021 02:47:48,"514","22.6","54","1022"
08/10/2021 02:52:48,"496","22.6","54","1022"
08/10/2021 02:57:48,"510","22.6","54","1022"
08/10/2021 03:02:48,"502","22.6","54","1022"
08/10/2021 03:07:48,"517","22.6","54","1022"
08/10/2021 03:12:48,"507","22.6","54","1022"
08/10/2021 03:17:48,"506","22.6","54","1022"
08/10/2021 03:22:48,"497","22.6","54","1022"
08/10/2021 03:27:48,"491","22.6","54","1022"
08/10/2021 03:32:48,"500","22.6","54","1022"
08/10/2021 03:37:48,"493","22.6","54","1022"
08/10/2021 03:42:48,"505","22.6","54","1022"
08/10/2021 03:47:48,"500","22.6","54","1022"
08/10/2021 03:52:48,"503","22.6","54","1022"
08/10/2021 03:57:48,"488","22.6","54","1022"
08/10/2021 04:02:48,"501","22.6","54","1022"
08/10/2021 04:07:48,"494","22.6","54","1022"
08/10/2021 04:12:48,"479","22.6","54","1022"
08/10/2021 04:17:48,"500","22.6","54","1022"
08/10/2021 04:22:48,"501","22.5","54","1023"
08/10/2021 04:27:48,"487","22.6","54","1023"
08/10/2021 04:32:48,"494","22.5","54","1023"
08/10/2021 04:37:48,"488","22.5","54","1023"
08/10/2021 04:42:48,"482","22.5","54","1023"
08/10/2021 04:47:48,"501","22.5","54","1023"
08/10/2021 04:52:48,"503","22.5","54","1023"
08/10/2021 04:57:48,"496","22.5","54","1023"
08/10/2021 05:02:48,"491","22.5","54","1023"
08/10/2021 05:07:48,"485","22.5","54","1023"
08/10/2021 05:12:48,"479","22.5","54","1023"
08/10/2021 05:17:48,"496","22.5","54","1023"
08/10/2021 05:22:48,"499","22.5","54","1023"
08/10/2021 05:27:48,"509","22.5","54","1023"
08/10/2021 05:32:48,"491","22.5","54","1023"
08/10/2021 05:37:48,"501","22.5","54","1023"
08/10/2021 05:42:48,"486","22.5","54","1023"
08/10/2021 05:47:48,"489","22.5","54","1023"
08/10/2021 05:52:48,"494","22.5","54","1023"
08/10/2021 05:57:48,"478","22.5","54","1023"
08/10/2021 06:02:48,"483","22.5","54","1023"
08/10/2021 06:07:48,"491","22.5","54","1023"
08/10/2021 06:12:48,"493","22.5","54","1023"
08/10/2021 06:17:48,"473","22.5","54","1023"
08/10/2021 06:22:48,"487","22.5","54","1023"
08/10/2021 06:27:48,"477","22.5","54","1023"
08/10/2021 06:32:48,"488","22.5","54","1023"
08/10/2021 06:37:48,"492","22.5","54","1023"
08/10/2021 06:42:48,"493","22.5","54","1023"
08/10/2021 06:47:48,"480","22.5","54","1023"
08/10/2021 06:52:48,"495","22.5","54","1023"
08/10/2021 06:57:48,"489","22.5","54","1023"
08/10/2021 07:02:48,"489","22.5","54","1023"
08/10/2021 07:07:48,"490","22.5","54","1023"
08/10/2021 07:12:48,"495","22.4","54","1023"
08/10/2021 07:17:48,"501","22.5","54","1023"
08/10/2021 07:22:48,"479","22.5","54","1023"
08/10/2021 07:27:48,"491","22.5","54","1023"
08/10/2021 07:32:48,"492","22.4","54","1024"
08/10/2021 07:37:48,"488","22.5","54","1024"
08/10/2021 07:42:48,"484","22.5","54","1024"
08/10/2021 07:47:48,"497","22.4","54","1024"
08/10/2021 07:52:48,"480","22.4","54","1024"
08/10/2021 07:57:48,"486","22.4","54","1024"
08/10/2021 08:02:48,"487","22.4","54","1024"
08/10/2021 08:07:48,"491","22.4","54","1024"
08/10/2021 08:12:48,"479","22.4","54","1024"
08/10/2021 08:17:48,"498","22.4","54","1024"
08/10/2021 08:22:48,"509","22.4","54","1024"
08/10/2021 08:27:48,"504","22.4","54","1024"
08/10/2021 08:32:48,"690","22.5","55","1024"
08/10/2021 08:37:48,"857","22.5","56","1024"
08/10/2021 08:42:48,"943","22.5","57","1024"
08/10/2021 08:47:48,"993","22.6","58","1024"
08/10/2021 08:52:48,"983","22.7","57","1024"
08/10/2021 08:57:48,"997","22.8","57","1024"
08/10/2021 09:02:48,"970","22.8","57","1024"
08/10/2021 09:07:48,"988","22.8","57","1024"
08/10/2021 09:12:48,"985","22.8","58","1024"
08/10/2021 09:17:48,"959","22.8","57","1025"
08/10/2021 09:22:48,"964","22.9","58","1025"
08/10/2021 09:27:48,"948","22.9","58","1025"
08/10/2021 09:32:48,"970","22.9","58","1025"
08/10/2021 09:37:48,"955","22.9","58","1025"
08/10/2021 09:42:48,"961","22.9","58","1025"
08/10/2021 09:47:48,"992","22.9","59","1025"
08/10/2021 09:52:48,"1109","22.9","59","1025"
08/10/2021 09:57:48,"1196","23.0","59","1025"
08/10/2021 10:02:48,"1282","23.0","60","1025"
08/10/2021 10:07:48,"1322","23.0","60","1025"
08/10/2021 10:12:48,"1362","23.1","60","1025"
08/10/2021 10:17:48,"1343","23.1","60","1025"
08/10/2021 10:22:48,"1369","23.1","60","1025"
08/10/2021 10:27:48,"1415","23.2","60","1025"
08/10/2021 10:32:48,"1396","23.2","60","1025"
08/10/2021 10:37:48,"1347","23.3","60","1025"
08/10/2021 10:42:48,"1345","23.3","60","1025"
08/10/2021 10:47:48,"1118","23.3","59","1025"
08/10/2021 10:52:48,"1011","23.2","59","1025"
08/10/2021 10:57:48,"1003","23.2","59","1025"
08/10/2021 11:02:48,"1069","23.2","59","1025"
08/10/2021 11:07:48,"1174","23.2","60","1025"
08/10/2021 11:12:48,"1259","23.3","60","1026"
08/10/2021 11:17:48,"1323","23.4","61","1026"
08/10/2021 11:22:48,"1301","23.5","61","1026"
08/10/2021 11:27:48,"1307","23.5","61","1026"
08/10/2021 11:32:48,"1310","23.5","61","1026"
08/10/2021 11:37:48,"1334","23.6","61","1026"
08/10/2021 11:42:48,"1270","23.6","60","1026"
08/10/2021 11:47:48,"1195","23.6","60","1026"
08/10/2021 11:52:48,"1176","23.6","61","1026"
08/10/2021 11:57:48,"1080","23.6","60","1026"
08/10/2021 12:02:48,"1098","23.5","60","1026"
08/10/2021 12:07:48,"1110","23.5","60","1026"
08/10/2021 12:12:48,"1096","23.5","60","1026"
08/10/2021 12:17:48,"1119","23.5","60","1026"
08/10/2021 12:22:48,"1137","23.5","60","1026"
08/10/2021 12:27:48,"1175","23.6","60","1026"
08/10/2021 12:32:48,"1205","23.6","60","1026"
08/10/2021 12:37:48,"548","23.6","62","1026"
08/10/2021 12:42:48,"553","23.8","59","1026"
08/10/2021 12:47:48,"591","23.9","59","1026"
08/10/2021 12:52:48,"705","24.0","59","1026"
08/10/2021 12:57:48,"651","23.9","58","1026"
08/10/2021 13:02:48,"629","23.6","58","1026"
08/10/2021 13:07:48,"617","23.6","58","1026"
08/10/2021 13:12:48,"610","23.6","58","1026"
08/10/2021 13:17:48,"595","23.6","58","1026"
08/10/2021 13:22:48,"603","23.6","58","1026"
08/10/2021 13:27:48,"622","23.6","58","1026"
08/10/2021 13:32:48,"635","23.6","58","1026"
08/10/2021 13:37:48,"604","23.6","58","1026"
08/10/2021 13:42:48,"570","23.6","58","1026"
08/10/2021 13:47:48,"609","23.6","58","1026"
08/10/2021 13:52:48,"580","23.6","58","1026"
08/10/2021 13:57:48,"579","23.6","58","1026"
08/10/2021 14:02:48,"571","23.6","58","1026"
08/10/2021 14:07:48,"570","23.6","58","1026"
08/10/2021 14:12:48,"564","23.5","58","1026"
08/10/2021 14:17:48,"558","23.6","58","1026"
08/10/2021 14:22:48,"569","23.5","58","1026"
08/10/2021 14:27:48,"563","23.6","58","1026"
08/10/2021 14:32:48,"535","23.5","58","1026"
08/10/2021 14:37:48,"552","23.5","58","1027"
08/10/2021 14:42:48,"562","23.5","58","1027"
08/10/2021 14:47:48,"524","23.5","58","1026"
08/10/2021 14:52:48,"535","23.5","58","1026"
08/10/2021 14:57:48,"536","23.5","58","1026"
08/10/2021 15:02:48,"534","23.5","58","1026"
08/10/2021 15:07:48,"537","23.5","58","1026"
08/10/2021 15:12:48,"545","23.5","58","1026"
08/10/2021 15:17:48,"539","23.5","58","1026"
08/10/2021 15:22:48,"523","23.5","58","1026"
08/10/2021 15:27:48,"503","23.5","58","1026"
08/10/2021 15:32:48,"506","23.4","58","1026"
08/10/2021 15:37:48,"495","23.3","58","1026"
08/10/2021 15:42:48,"522","23.3","58","1026"
08/10/2021 15:47:48,"531","23.4","58","1026"
08/10/2021 15:52:48,"516","23.3","58","1026"
08/10/2021 15:57:48,"525","23.4","58","1026"
08/10/2021 16:02:48,"522","23.4","58","1026"
08/10/2021 16:07:48,"518","23.4","58","1026"
08/10/2021 16:12:48,"528","23.4","58","1026"
08/10/2021 16:17:48,"538","23.4","58","1026"
08/10/2021 16:22:48,"531","23.4","58","1026"
08/10/2021 16:27:48,"518","23.3","58","1026"
08/10/2021 16:32:48,"521","23.4","58","1026"
08/10/2021 16:37:48,"533","23.4","58","1026"
08/10/2021 16:42:48,"517","23.3","58","1026"
08/10/2021 16:47:48,"514","23.3","58","1026"
08/10/2021 16:52:48,"513","23.3","57","1026"
08/10/2021 16:57:48,"518","23.2","57","1026"
08/10/2021 17:02:48,"522","23.3","57","1026"
08/10/2021 17:07:48,"516","23.2","57","1026"
08/10/2021 17:12:48,"507","23.2","57","1026"
08/10/2021 17:17:48,"522","23.2","57","1026"
08/10/2021 17:22:48,"517","23.2","57","1026"
08/10/2021 17:27:48,"515","23.2","57","1026"
08/10/2021 17:32:48,"504","23.2","57","1026"
08/10/2021 17:37:48,"511","23.2","57","1026"
08/10/2021 17:42:48,"499","23.2","57","1026"
08/10/2021 17:47:48,"522","23.2","57","1026"
08/10/2021 17:52:48,"523","23.2","57","1026"
08/10/2021 17:57:48,"501","23.2","57","1026"
08/10/2021 18:02:48,"513","23.2","57","1026"
08/10/2021 18:07:48,"496","23.1","57","1027"
08/10/2021 18:12:48,"509","23.2","57","1027"
08/10/2021 18:17:48,"496","23.2","57","1027"
08/10/2021 18:22:48,"501","23.2","57","1027"
08/10/2021 18:27:48,"513","23.2","57","1026"
08/10/2021 18:32:48,"509","23.2","57","1026"
08/10/2021 18:37:48,"502","23.2","57","1026"
08/10/2021 18:42:48,"506","23.2","57","1026"
08/10/2021 18:47:48,"504","23.4","57","1026"
08/10/2021 18:52:48,"509","23.4","56","1027"
08/10/2021 18:57:48,"513","23.4","56","1027"
08/10/2021 19:02:48,"505","23.4","56","1027"
08/10/2021 19:07:48,"501","23.4","56","1027"
08/10/2021 19:12:48,"500","23.4","56","1027"
08/10/2021 19:17:48,"503","23.4","56","1027"
08/10/2021 19:22:48,"509","23.5","56","1027"
08/10/2021 19:27:48,"512","23.5","56","1027"
08/10/2021 19:32:48,"502","23.5","56","1027"
08/10/2021 19:37:48,"505","23.5","56","1027"
08/10/2021 19:42:48,"512","23.5","56","1027"
08/10/2021 19:47:48,"490","23.5","56","1027"
08/10/2021 19:52:48,"496","23.5","56","1027"
08/10/2021 19:57:48,"505","23.5","56","1027"
08/10/2021 20:02:48,"498","23.5","56","1027"
08/10/2021 20:07:48,"499","23.5","56","1027"
08/10/2021 20:12:48,"508","23.5","56","1027"
08/10/2021 20:17:48,"501","23.5","56","1027"
08/10/2021 20:22:48,"504","23.5","55","1027"
08/10/2021 20:27:48,"499","23.5","55","1027"
08/10/2021 20:32:48,"503","23.5","55","1027"
08/10/2021 20:37:48,"515","23.5","55","1027"
08/10/2021 20:42:48,"502","23.5","55","1027"
08/10/2021 20:47:48,"506","23.5","55","1026"
08/10/2021 20:52:48,"488","23.5","55","1027"
08/10/2021 20:57:48,"517","23.5","55","1027"
08/10/2021 21:02:48,"510","23.5","55","1026"
08/10/2021 21:07:48,"515","23.5","55","1027"
08/10/2021 21:12:48,"501","23.5","55","1027"
08/10/2021 21:17:48,"508","23.5","55","1026"
08/10/2021 21:22:48,"520","23.5","55","1027"
08/10/2021 21:27:48,"495","23.5","55","1027"
08/10/2021 21:32:48,"505","23.5","55","1026"
08/10/2021 21:37:48,"498","23.5","55","1027"
08/10/2021 21:42:48,"502","23.5","55","1027"
08/10/2021 21:47:48,"501","23.6","55","1026"
08/10/2021 21:52:48,"517","23.6","55","1026"
08/10/2021 21:57:48,"516","23.6","55","1027"
08/10/2021 22:02:48,"523","23.5","55","1027"
08/10/2021 22:07:48,"513","23.6","55","1026"
08/10/2021 22:12:48,"520","23.6","54","1027"
08/10/2021 22:17:48,"513","23.6","54","1026"
08/10/2021 22:22:48,"527","23.6","54","1026"
08/10/2021 22:27:48,"524","23.5","54","1027"
08/10/2021 22:32:48,"523","23.6","54","1027"
08/10/2021 22:37:48,"520","23.6","54","1027"
08/10/2021 22:42:48,"522","23.6","54","1027"
08/10/2021 22:47:48,"512","23.6","54","1026"
08/10/2021 22:52:48,"521","23.6","54","1026"
08/10/2021 22:57:48,"512","23.6","54","1026"
08/10/2021 23:02:48,"521","23.6","54","1026"
08/10/2021 23:07:48,"519","23.6","54","1026"
08/10/2021 23:12:48,"506","23.6","54","1026"
08/10/2021 23:17:48,"513","23.6","54","1026"
08/10/2021 23:22:48,"519","23.6","54","1026"
08/10/2021 23:27:48,"512","23.6","54","1026"
08/10/2021 23:32:48,"516","23.6","54","1026"
08/10/2021 23:37:48,"512","23.6","54","1026"
08/10/2021 23:42:48,"529","23.6","54","1027"
08/10/2021 23:47:48,"526","23.6","54","1026"
08/10/2021 23:52:48,"516","23.6","54","1026"
08/10/2021 23:57:48,"520","23.6","54","1026"
09/10/2021 00:02:48,"524","23.6","54","1026"
09/10/2021 00:07:48,"524","23.6","54","1026"
09/10/2021 00:12:48,"516","23.6","54","1026"
09/10/2021 00:17:48,"537","23.5","53","1026"
09/10/2021 00:22:48,"526","23.6","53","1026"
09/10/2021 00:27:48,"526","23.6","53","1026"
09/10/2021 00:32:48,"536","23.6","53","1026"
09/10/2021 00:37:48,"532","23.6","53","1026"
09/10/2021 00:42:48,"524","23.6","53","1026"
09/10/2021 00:47:48,"529","23.6","53","1026"
09/10/2021 00:52:48,"530","23.6","53","1026"
09/10/2021 00:57:48,"524","23.6","53","1026"
09/10/2021 01:02:48,"533","23.6","53","1026"
09/10/2021 01:07:48,"525","23.6","53","1026"
09/10/2021 01:12:48,"527","23.6","53","1026"
09/10/2021 01:17:48,"543","23.6","53","1026"
09/10/2021 01:22:48,"520","23.6","53","1026"
09/10/2021 01:27:48,"537","23.6","53","1026"
09/10/2021 01:32:48,"527","23.6","53","1026"
09/10/2021 01:37:48,"519","23.6","53","1026"
09/10/2021 01:42:48,"535","23.6","53","1026"
09/10/2021 01:47:48,"521","23.6","53","1026"
09/10/2021 01:52:48,"542","23.6","53","1026"
09/10/2021 01:57:48,"528","23.6","53","1026"
09/10/2021 02:02:48,"538","23.6","53","1026"
09/10/2021 02:07:48,"531","23.6","53","1026"
09/10/2021 02:12:48,"531","23.6","53","1026"
09/10/2021 02:17:48,"529","23.7","53","1026"
09/10/2021 02:22:48,"535","23.7","53","1026"
09/10/2021 02:27:48,"536","23.7","53","1026"
09/10/2021 02:32:48,"526","23.7","53","1026"
09/10/2021 02:37:48,"522","23.7","52","1026"
09/10/2021 02:42:48,"529","23.7","52","1026"
09/10/2021 02:47:48,"521","23.7","52","1026"
09/10/2021 02:52:48,"534","23.7","52","1026"
09/10/2021 02:57:48,"538","23.7","52","1026"
09/10/2021 03:02:48,"544","23.8","52","1026"
09/10/2021 03:07:48,"529","23.7","52","1026"
09/10/2021 03:12:48,"537","23.7","52","1026"
09/10/2021 03:17:48,"529","23.7","52","1026"
09/10/2021 03:22:48,"535","23.8","52","1026"
09/10/2021 03:27:48,"550","23.8","52","1026"
09/10/2021 03:32:48,"516","23.8","52","1026"
09/10/2021 03:37:48,"522","23.8","52","1026"
09/10/2021 03:42:48,"531","23.8","52","1026"
09/10/2021 03:47:48,"543","23.8","52","1026"
09/10/2021 03:52:48,"535","23.8","52","1026"
09/10/2021 03:57:48,"533","23.8","52","1026"
09/10/2021 04:02:48,"535","23.8","52","1026"
09/10/2021 04:07:48,"530","23.8","52","1026"
09/10/2021 04:12:48,"536","23.8","52","1026"
09/10/2021 04:17:48,"540","23.8","52","1026"
09/10/2021 04:22:48,"528","23.7","52","1026"
09/10/2021 04:27:48,"535","23.8","52","1026"
09/10/2021 04:32:48,"541","23.7","52","1026"
09/10/2021 04:37:48,"526","23.7","52","1026"
09/10/2021 04:42:48,"529","23.7","52","1026"
09/10/2021 04:47:48,"533","23.7","52","1026"
09/10/2021 04:52:48,"523","23.7","52","1026"
09/10/2021 04:57:48,"521","23.6","52","1026"
09/10/2021 05:02:48,"524","23.7","52","1025"
09/10/2021 05:07:48,"535","23.6","52","1025"
09/10/2021 05:12:48,"529","23.7","52","1025"
09/10/2021 05:17:48,"524","23.6","52","1025"
09/10/2021 05:22:48,"538","23.6","52","1025"
09/10/2021 05:27:48,"531","23.7","52","1025"
09/10/2021 05:32:48,"545","23.7","52","1025"
09/10/2021 05:37:48,"519","23.6","52","1025"
09/10/2021 05:42:48,"535","23.7","52","1025"
09/10/2021 05:47:48,"527","23.7","52","1025"
09/10/2021 05:52:48,"534","23.7","52","1025"
09/10/2021 05:57:48,"555","23.7","52","1025"
09/10/2021 06:02:48,"532","23.7","52","1025"
09/10/2021 06:07:48,"544","23.7","52","1025"
09/10/2021 06:12:48,"543","23.7","52","1025"
09/10/2021 06:17:48,"539","23.7","52","1025"
09/10/2021 06:22:48,"528","23.7","52","1025"
09/10/2021 06:27:48,"539","23.8","52","1025"
09/10/2021 06:32:48,"538","23.7","51","1025"
09/10/2021 06:37:48,"536","23.7","51","1025"
09/10/2021 06:42:48,"528","23.7","51","1025"
09/10/2021 06:47:48,"537","23.8","51","1025"
09/10/2021 06:52:48,"528","23.7","51","1025"
09/10/2021 06:57:48,"526","23.7","51","1025"
09/10/2021 07:02:48,"541","23.8","51","1025"
09/10/2021 07:07:48,"529","23.8","51","1025"
09/10/2021 07:12:48,"538","23.7","51","1025"
09/10/2021 07:17:48,"528","23.7","51","1025"
09/10/2021 07:22:48,"539","23.8","51","1025"
09/10/2021 07:27:48,"525","23.8","51","1025"
09/10/2021 07:32:48,"531","23.8","51","1025"
09/10/2021 07:37:48,"536","23.8","51","1025"
09/10/2021 07:42:48,"541","23.8","51","1026"
09/10/2021 07:47:48,"548","23.8","51","1026"
09/10/2021 07:52:48,"550","23.8","51","1026"
09/10/2021 07:57:48,"531","23.8","51","1026"
09/10/2021 08:02:48,"541","23.8","51","1026"
09/10/2021 08:07:48,"547","23.8","51","1026"
09/10/2021 08:12:48,"546","23.8","51","1026"
09/10/2021 08:17:48,"536","23.8","51","1026"
09/10/2021 08:22:48,"547","23.8","51","1026"
09/10/2021 08:27:48,"528","23.8","51","1026"
09/10/2021 08:32:48,"530","23.8","51","1026"
09/10/2021 08:37:48,"534","23.8","51","1026"
09/10/2021 08:42:48,"533","23.8","51","1026"
09/10/2021 08:47:48,"524","23.9","51","1026"
09/10/2021 08:52:48,"531","23.9","51","1026"
09/10/2021 08:57:48,"531","23.9","51","1026"
09/10/2021 09:02:48,"528","23.9","51","1026"
09/10/2021 09:07:48,"550","23.9","51","1026"
09/10/2021 09:12:48,"551","23.9","51","1026"
09/10/2021 09:17:48,"528","23.9","51","1026"
09/10/2021 09:22:48,"528","23.9","51","1026"
09/10/2021 09:27:48,"535","23.9","51","1026"
09/10/2021 09:32:48,"538","23.9","51","1026"
09/10/2021 09:37:48,"532","23.9","51","1026"
09/10/2021 09:42:48,"529","23.9","51","1026"
09/10/2021 09:47:48,"533","23.9","51","1026"
09/10/2021 09:52:48,"549","23.9","51","1026"
09/10/2021 09:57:48,"539","24.0","51","1026"
09/10/2021 10:02:48,"534","24.0","51","1026"
09/10/2021 10:07:48,"526","24.0","50","1026"
09/10/2021 10:12:48,"538","24.0","50","1026"
09/10/2021 10:17:48,"520","24.0","50","1026"
09/10/2021 10:22:48,"541","24.0","50","1026"
09/10/2021 10:27:48,"522","24.0","50","1026"
09/10/2021 10:32:48,"523","24.0","50","1026"
09/10/2021 10:37:48,"522","24.0","50","1026"
09/10/2021 10:42:48,"532","24.0","50","1026"
09/10/2021 10:47:48,"522","24.0","50","1026"
09/10/2021 10:52:48,"522","24.0","50","1026"
09/10/2021 10:57:48,"529","24.0","50","1026"
09/10/2021 11:02:48,"521","24.0","50","1026"
09/10/2021 11:07:48,"515","24.0","50","1026"
09/10/2021 11:12:48,"523","24.0","50","1026"
09/10/2021 11:17:48,"529","24.0","50","1026"
09/10/2021 11:22:48,"528","24.0","50","1026"
09/10/2021 11:27:48,"511","24.0","50","1026"
09/10/2021 11:32:48,"509","24.0","50","1026"
09/10/2021 11:37:48,"515","24.0","50","1026"
09/10/2021 11:42:48,"533","24.0","50","1026"
09/10/2021 11:47:48,"513","24.0","50","1026"
09/10/2021 11:52:48,"515","24.0","50","1026"
09/10/2021 11:57:48,"511","24.0","50","1026"
09/10/2021 12:02:48,"533","24.0","50","1026"
09/10/2021 12:07:48,"509","24.0","50","1026"
09/10/2021 12:12:48,"522","24.0","50","1026"
09/10/2021 12:17:48,"521","24.0","50","1026"
09/10/2021 12:22:48,"512","24.0","50","1026"
09/10/2021 12:27:48,"506","24.0","50","1026"
09/10/2021 12:32:48,"519","24.0","51","1026"
09/10/2021 12:37:48,"508","24.0","51","1026"
09/10/2021 12:42:48,"509","24.0","51","1026"
09/10/2021 12:47:48,"513","24.1","50","1026"
09/10/2021 12:52:48,"522","24.0","51","1026"
09/10/2021 12:57:48,"513","24.1","51","1026"
09/10/2021 13:02:48,"520","24.1","51","1026"
09/10/2021 13:07:48,"508","24.1","51","1026"
09/10/2021 13:12:48,"504","24.1","51","1026"
09/10/2021 13:17:48,"506","24.1","51","1026"
09/10/2021 13:22:48,"518","24.1","51","1026"
09/10/2021 13:27:48,"518","24.1","51","1026"
09/10/2021 13:32:48,"511","24.1","51","1026"
09/10/2021 13:37:48,"505","24.1","51","1026"
09/10/2021 13:42:48,"528","24.1","51","1026"
09/10/2021 13:47:48,"531","24.1","51","1026"
09/10/2021 13:52:48,"516","24.1","51","1026"
09/10/2021 13:57:48,"506","24.1","51","1026"
09/10/2021 14:02:48,"502","24.1","51","1026"
09/10/2021 14:07:48,"519","24.1","51","1026"
09/10/2021 14:12:48,"502","24.1","51","1026"
09/10/2021 14:17:48,"515","24.1","51","1026"
09/10/2021 14:22:48,"515","24.1","51","1026"
09/10/2021 14:27:48,"512","24.2","51","1026"
09/10/2021 14:32:48,"519","24.2","51","1026"
09/10/2021 14:37:48,"511","24.2","51","1026"
09/10/2021 14:42:48,"507","24.2","51","1026"
09/10/2021 14:47:48,"509","24.2","51","1026"
09/10/2021 14:52:48,"510","24.2","51","1026"
09/10/2021 14:57:48,"514","24.2","51","1026"
09/10/2021 15:02:48,"509","24.2","51","1026"
09/10/2021 15:07:48,"508","24.2","51","1026"
09/10/2021 15:12:48,"506","24.2","51","1026"
09/10/2021 15:17:48,"507","24.2","51","1026"
09/10/2021 15:22:48,"502","24.2","51","1026"
09/10/2021 15:27:48,"505","24.2","51","1026"
09/10/2021 15:32:48,"511","24.2","51","1026"
09/10/2021 15:37:48,"513","24.2","51","1026"
09/10/2021 15:42:48,"488","24.2","51","1026"
09/10/2021 15:47:48,"499","24.2","51","1026"
09/10/2021 15:52:48,"498","24.2","51","1026"
09/10/2021 15:57:48,"490","24.2","51","1026"
09/10/2021 16:02:48,"496","24.2","51","1026"
09/10/2021 16:07:48,"507","24.2","51","1026"
09/10/2021 16:12:48,"499","24.2","51","1026"
09/10/2021 16:17:48,"502","24.2","51","1026"
09/10/2021 16:22:48,"515","24.2","51","1026"
09/10/2021 16:27:48,"490","24.2","51","1026"
09/10/2021 16:32:48,"495","24.2","51","1026"
09/10/2021 16:37:48,"508","24.3","51","1026"
09/10/2021 16:42:48,"513","24.2","51","1026"
09/10/2021 16:47:48,"503","24.3","51","1026"
09/10/2021 16:52:48,"498","24.3","51","1026"
09/10/2021 16:57:48,"497","24.3","51","1026"
09/10/2021 17:02:48,"509","24.3","51","1026"
09/10/2021 17:07:48,"499","24.3","51","1026"
09/10/2021 17:12:48,"502","24.3","51","1026"
09/10/2021 17:17:48,"498","24.3","51","1026"
09/10/2021 17:22:48,"482","24.3","51","1026"
09/10/2021 17:27:48,"474","24.3","51","1026"
09/10/2021 17:32:48,"498","24.3","51","1026"
09/10/2021 17:37:48,"479","24.3","51","1026"
09/10/2021 17:42:48,"504","24.3","51","1026"
09/10/2021 17:47:48,"494","24.3","51","1026"
09/10/2021 17:52:48,"490","24.3","51","1026"
09/10/2021 17:57:48,"490","24.3","51","1026"
09/10/2021 18:02:48,"504","24.3","51","1026"
09/10/2021 18:07:48,"502","24.3","51","1026"
09/10/2021 18:12:48,"507","24.3","51","1026"
09/10/2021 18:17:48,"493","24.3","51","1026"
09/10/2021 18:22:48,"495","24.3","51","1026"
09/10/2021 18:27:48,"486","24.2","51","1026"
09/10/2021 18:32:48,"488","24.3","51","1026"
09/10/2021 18:37:48,"500","24.3","51","1026"
09/10/2021 18:42:48,"502","24.3","51","1026"
09/10/2021 18:47:48,"502","24.3","51","1026"
09/10/2021 18:52:48,"500","24.2","51","1026"
09/10/2021 18:57:48,"499","24.2","51","1026"
09/10/2021 19:02:48,"503","24.2","51","1026"
09/10/2021 19:07:48,"499","24.2","51","1026"
09/10/2021 19:12:48,"488","24.2","51","1026"
09/10/2021 19:17:48,"497","24.2","51","1026"
09/10/2021 19:22:48,"482","24.2","51","1026"
09/10/2021 19:27:48,"484","24.2","51","1027"
09/10/2021 19:32:48,"499","24.2","51","1027"
09/10/2021 19:37:48,"482","24.2","51","1027"
09/10/2021 19:42:48,"509","24.2","51","1027"
09/10/2021 19:47:48,"480","24.2","51","1027"
09/10/2021 19:52:48,"489","24.2","51","1027"
09/10/2021 19:57:48,"485","24.2","51","1027"
09/10/2021 20:02:48,"512","24.2","51","1027"
09/10/2021 20:07:48,"473","24.2","51","1027"
09/10/2021 20:12:48,"492","24.2","51","1027"
09/10/2021 20:17:48,"478","24.2","51","1027"
09/10/2021 20:22:48,"488","24.2","51","1027"
09/10/2021 20:27:48,"489","24.2","51","1027"
09/10/2021 20:32:48,"489","24.2","51","1027"
09/10/2021 20:37:48,"489","24.2","51","1027"
09/10/2021 20:42:48,"498","24.2","51","1027"
09/10/2021 20:47:48,"494","24.2","51","1027"
09/10/2021 20:52:48,"499","24.2","51","1027"
09/10/2021 20:57:48,"492","24.2","51","1027"
09/10/2021 21:02:48,"492","24.2","51","1027"
09/10/2021 21:07:48,"496","24.1","51","1027"
09/10/2021 21:12:48,"492","24.2","51","1027"
09/10/2021 21:17:48,"491","24.2","51","1027"
09/10/2021 21:22:48,"494","24.1","51","1027"
09/10/2021 21:27:48,"499","24.1","51","1027"
09/10/2021 21:32:48,"493","24.1","51","1028"
09/10/2021 21:37:48,"491","24.1","51","1027"
09/10/2021 21:42:48,"502","24.1","51","1028"
09/10/2021 21:47:48,"485","24.1","51","1028"
09/10/2021 21:52:48,"477","24.1","51","1028"
09/10/2021 21:57:48,"478","24.1","51","1028"
09/10/2021 22:02:48,"492","24.1","51","1028"
09/10/2021 22:07:48,"506","24.1","51","1028"
09/10/2021 22:12:48,"501","24.1","51","1028"
09/10/2021 22:17:48,"496","24.1","51","1028"
09/10/2021 22:22:48,"482","24.1","51","1028"
09/10/2021 22:27:48,"503","24.1","51","1028"
09/10/2021 22:32:48,"501","24.1","51","1028"
09/10/2021 22:37:48,"479","24.1","51","1028"
09/10/2021 22:42:48,"500","24.1","51","1028"
09/10/2021 22:47:48,"488","24.1","51","1028"
09/10/2021 22:52:48,"501","24.1","51","1028"
09/10/2021 22:57:48,"479","24.0","50","1028"
09/10/2021 23:02:48,"498","24.0","51","1028"
09/10/2021 23:07:48,"487","24.0","50","1028"
09/10/2021 23:12:48,"485","24.0","50","1028"
09/10/2021 23:17:48,"493","24.0","50","1028"
09/10/2021 23:22:48,"501","24.0","50","1028"
09/10/2021 23:27:48,"487","24.0","50","1028"
09/10/2021 23:32:48,"494","24.0","50","1028"
09/10/2021 23:37:48,"505","24.0","50","1028"
09/10/2021 23:42:48,"487","24.0","50","1028"
09/10/2021 23:47:48,"472","24.0","50","1028"
09/10/2021 23:52:48,"492","24.0","50","1028"
09/10/2021 23:57:48,"493","24.0","50","1028"
10/10/2021 00:02:48,"470","24.0","50","1028"
10/10/2021 00:07:48,"495","24.0","50","1028"
10/10/2021 00:12:48,"494","24.0","50","1029"
10/10/2021 00:17:48,"492","24.0","50","1029"
10/10/2021 00:22:48,"491","24.0","50","1029"
10/10/2021 00:27:48,"479","24.0","50","1029"
10/10/2021 00:32:48,"488","24.0","50","1029"
10/10/2021 00:37:48,"486","24.0","50","1029"
10/10/2021 00:42:48,"490","24.0","49","1029"
10/10/2021 00:47:48,"497","24.0","49","1029"
10/10/2021 00:52:48,"497","24.0","49","1029"
10/10/2021 00:57:48,"486","24.0","49","1029"
10/10/2021 01:02:48,"477","24.0","49","1029"
10/10/2021 01:07:48,"488","24.0","49","1029"
10/10/2021 01:12:48,"493","23.9","49","1029"
10/10/2021 01:17:48,"482","23.9","49","1028"
10/10/2021 01:22:48,"475","23.9","49","1029"
10/10/2021 01:27:48,"484","23.9","49","1029"
10/10/2021 01:32:48,"473","23.9","49","1029"
10/10/2021 01:37:48,"496","23.9","49","1029"
10/10/2021 01:42:48,"471","23.9","49","1029"
10/10/2021 01:47:48,"488","23.9","49","1029"
10/10/2021 01:52:48,"481","23.9","49","1029"
10/10/2021 01:57:48,"471","23.9","49","1029"
10/10/2021 02:02:48,"480","23.9","49","1029"
10/10/2021 02:07:48,"488","23.9","49","1029"
10/10/2021 02:12:48,"483","23.9","48","1029"
10/10/2021 02:17:48,"486","23.9","48","1029"
10/10/2021 02:22:48,"474","23.9","48","1029"
10/10/2021 02:27:48,"495","23.9","48","1029"
10/10/2021 02:32:48,"475","23.9","48","1029"
10/10/2021 02:37:48,"484","23.9","48","1029"
10/10/2021 02:42:48,"488","23.8","48","1029"
10/10/2021 02:47:48,"492","23.8","48","1029"
10/10/2021 02:52:48,"493","23.8","48","1029"
10/10/2021 02:57:48,"489","23.8","48","1029"
10/10/2021 03:02:48,"480","23.8","48","1029"
10/10/2021 03:07:48,"500","23.8","48","1029"
10/10/2021 03:12:48,"475","23.8","48","1029"
10/10/2021 03:17:48,"495","23.8","48","1029"
10/10/2021 03:22:48,"487","23.8","48","1029"
10/10/2021 03:27:48,"486","23.8","48","1029"
10/10/2021 03:32:48,"486","23.8","48","1029"
10/10/2021 03:37:48,"489","23.8","48","1029"
10/10/2021 03:42:48,"481","23.8","48","1029"
10/10/2021 03:47:48,"475","23.8","48","1029"
10/10/2021 03:52:48,"487","23.8","47","1029"
10/10/2021 03:57:48,"487","23.8","47","1029"
10/10/2021 04:02:48,"474","23.8","47","1029"
10/10/2021 04:07:48,"471","23.8","47","1029"
10/10/2021 04:12:48,"478","23.8","47","1029"
10/10/2021 04:17:48,"475","23.8","47","1029"
10/10/2021 04:22:48,"482","23.8","47","1029"
10/10/2021 04:27:48,"491","23.8","47","1029"
10/10/2021 04:32:48,"489","23.8","47","1029"
10/10/2021 04:37:48,"469","23.7","47","1028"
10/10/2021 04:42:48,"476","23.8","47","1028"
10/10/2021 04:47:48,"490","23.8","47","1028"
10/10/2021 04:52:48,"491","23.7","47","1028"
10/10/2021 04:57:48,"482","23.7","47","1029"
10/10/2021 05:02:48,"475","23.7","47","1028"
10/10/2021 05:07:48,"486","23.7","47","1028"
10/10/2021 05:12:48,"490","23.7","47","1029"
10/10/2021 05:17:48,"479","23.7","47","1029"
10/10/2021 05:22:48,"476","23.6","47","1029"
10/10/2021 05:27:48,"471","23.6","47","1029"
10/10/2021 05:32:48,"479","23.7","47","1029"
10/10/2021 05:37:48,"479","23.7","47","1029"
10/10/2021 05:42:48,"485","23.6","47","1028"
10/10/2021 05:47:48,"480","23.7","47","1028"
10/10/2021 05:52:48,"471","23.6","46","1028"
10/10/2021 05:57:48,"497","23.7","46","1028"
10/10/2021 06:02:48,"477","23.7","46","1028"
10/10/2021 06:07:48,"491","23.6","46","1028"
10/10/2021 06:12:48,"491","23.6","46","1028"
10/10/2021 06:17:48,"479","23.6","46","1029"
10/10/2021 06:22:48,"481","23.6","46","1029"
10/10/2021 06:27:48,"490","23.6","46","1028"
10/10/2021 06:32:48,"479","23.6","46","1028"
10/10/2021 06:37:48,"480","23.6","46","1028"
10/10/2021 06:42:48,"492","23.6","46","1028"
10/10/2021 06:47:48,"487","23.6","46","1028"
10/10/2021 06:52:48,"492","23.6","46","1028"
10/10/2021 06:57:48,"482","23.5","46","1028"
10/10/2021 07:02:48,"481","23.6","46","1028"
10/10/2021 07:07:48,"483","23.6","46","1028"
10/10/2021 07:12:48,"480","23.6","46","1028"
10/10/2021 07:17:48,"476","23.5","46","1028"
10/10/2021 07:22:48,"482","23.6","46","1028"
10/10/2021 07:27:48,"481","23.5","46","1028"
10/10/2021 07:32:48,"496","23.5","46","1028"
10/10/2021 07:37:48,"467","23.5","46","1028"
10/10/2021 07:42:48,"495","23.5","46","1029"
10/10/2021 07:47:48,"484","23.5","46","1028"
10/10/2021 07:52:48,"469","23.5","46","1029"
10/10/2021 07:57:48,"487","23.5","46","1029"
10/10/2021 08:02:48,"470","23.5","46","1029"
10/10/2021 08:07:48,"475","23.5","45","1028"
10/10/2021 08:12:48,"489","23.5","45","1029"
10/10/2021 08:17:48,"483","23.5","45","1028"
10/10/2021 08:22:48,"481","23.5","45","1029"
10/10/2021 08:27:48,"470","23.5","45","1029"
10/10/2021 08:32:48,"480","23.5","45","1029"
10/10/2021 08:37:48,"486","23.5","45","1028"
10/10/2021 08:42:48,"485","23.5","45","1028"
10/10/2021 08:47:48,"482","23.5","45","1028"
10/10/2021 08:52:48,"493","23.5","45","1028"
10/10/2021 08:57:48,"479","23.5","45","1029"
10/10/2021 09:02:48,"495","23.5","45","1029"
10/10/2021 09:07:48,"480","23.5","45","1029"
10/10/2021 09:12:48,"467","23.5","45","1029"
10/10/2021 09:17:48,"486","23.5","45","1029"
10/10/2021 09:22:48,"470","23.5","45","1028"
10/10/2021 09:27:48,"478","23.5","45","1028"
10/10/2021 09:32:48,"480","23.5","45","1028"
10/10/2021 09:37:48,"475","23.5","45","1028"
10/10/2021 09:42:48,"464","23.5","45","1028"
10/10/2021 09:47:48,"486","23.6","45","1028"
10/10/2021 09:52:48,"478","23.6","45","1028"
10/10/2021 09:57:48,"480","23.6","45","1028"
10/10/2021 10:02:48,"488","23.6","45","1028"
10/10/2021 10:07:48,"480","23.6","45","1028"
10/10/2021 10:12:48,"474","23.6","45","1028"
10/10/2021 10:17:48,"478","23.6","45","1028"
10/10/2021 10:22:48,"477","23.6","45","1028"
10/10/2021 10:27:48,"478","23.6","44","1028"
10/10/2021 10:32:48,"485","23.6","44","1028"
10/10/2021 10:37:48,"490","23.6","44","1028"
10/10/2021 10:42:48,"477","23.6","44","1028"
10/10/2021 10:47:48,"463","23.7","44","1028"
10/10/2021 10:52:48,"481","23.7","44","1028"
10/10/2021 10:57:48,"477","23.7","44","1028"
10/10/2021 11:02:48,"487","23.8","44","1028"
10/10/2021 11:07:48,"452","23.7","44","1028"
10/10/2021 11:12:48,"474","23.8","44","1028"
10/10/2021 11:17:48,"456","23.8","44","1028"
10/10/2021 11:22:48,"467","23.8","44","1028"
10/10/2021 11:27:48,"464","23.8","44","1028"
10/10/2021 11:32:48,"461","23.8","44","1028"
10/10/2021 11:37:48,"480","23.8","44","1028"
10/10/2021 11:42:48,"476","23.8","44","1028"
10/10/2021 11:47:48,"482","23.8","44","1028"
10/10/2021 11:52:48,"477","23.8","44","1028"
10/10/2021 11:57:48,"469","23.8","44","1028"
10/10/2021 12:02:48,"467","23.8","44","1028"
10/10/2021 12:07:48,"474","23.8","44","1028"
10/10/2021 12:12:48,"482","23.8","44","1028"
10/10/2021 12:17:48,"470","23.8","44","1028"
10/10/2021 12:22:48,"460","23.8","44","1028"
10/10/2021 12:27:48,"473","23.8","44","1028"
10/10/2021 12:32:48,"462","23.8","44","1028"
10/10/2021 12:37:48,"482","23.9","44","1028"
10/10/2021 12:42:48,"478","23.9","44","1028"
10/10/2021 12:47:48,"472","23.9","44","1028"
10/10/2021 12:52:48,"466","23.9","44","1028"
10/10/2021 12:57:48,"474","23.9","44","1028"
10/10/2021 13:02:48,"476","23.9","44","1028"
10/10/2021 13:07:48,"489","23.9","44","1028"
10/10/2021 13:12:48,"459","23.9","44","1028"
10/10/2021 13:17:48,"465","23.9","44","1028"
10/10/2021 13:22:48,"470","23.9","44","1028"
10/10/2021 13:27:48,"468","23.9","44","1028"
10/10/2021 13:32:48,"484","23.9","44","1028"
10/10/2021 13:37:48,"461","23.9","44","1028"
10/10/2021 13:42:48,"465","23.9","44","1028"
10/10/2021 13:47:48,"460","23.9","44","1028"
10/10/2021 13:52:48,"473","23.9","44","1027"
10/10/2021 13:57:48,"473","23.9","44","1027"
10/10/2021 14:02:48,"479","23.9","44","1027"
10/10/2021 14:07:48,"476","23.9","44","1027"
10/10/2021 14:12:48,"462","23.9","44","1028"
10/10/2021 14:17:48,"477","24.0","44","1027"
10/10/2021 14:22:48,"473","24.0","44","1027"
10/10/2021 14:27:48,"472","24.0","44","1027"
10/10/2021 14:32:48,"467","24.0","44","1027"
10/10/2021 14:37:48,"470","24.0","44","1027"
10/10/2021 14:42:48,"473","24.0","44","1027"
10/10/2021 14:47:48,"465","24.0","44","1028"
10/10/2021 14:52:48,"468","24.0","44","1028"
10/10/2021 14:57:48,"473","24.0","44","1028"
10/10/2021 15:02:48,"453","24.0","44","1028"
10/10/2021 15:07:48,"488","24.0","44","1027"
10/10/2021 15:12:48,"461","24.1","44","1027"
10/10/2021 15:17:48,"471","24.1","44","1027"
10/10/2021 15:22:48,"475","24.1","44","1027"
10/10/2021 15:27:48,"476","24.1","44","1027"
10/10/2021 15:32:48,"469","24.1","44","1027"
10/10/2021 15:37:48,"471","24.1","44","1027"
10/10/2021 15:42:48,"468","24.1","44","1027"
10/10/2021 15:47:48,"464","24.1","44","1027"
10/10/2021 15:52:48,"467","24.1","44","1028"
10/10/2021 15:57:48,"463","24.1","44","1027"
10/10/2021 16:02:48,"465","24.1","44","1028"
10/10/2021 16:07:48,"467","24.2","44","1027"
10/10/2021 16:12:48,"475","24.2","44","1028"
10/10/2021 16:17:48,"471","24.1","44","1027"
10/10/2021 16:22:48,"477","24.1","44","1027"
10/10/2021 16:27:48,"466","24.1","44","1027"
10/10/2021 16:32:48,"472","24.1","43","1027"
10/10/2021 16:37:48,"460","24.1","43","1027"
10/10/2021 16:42:48,"471","24.1","43","1028"
10/10/2021 16:47:48,"482","24.1","43","1028"
10/10/2021 16:52:48,"471","24.1","43","1028"
10/10/2021 16:57:48,"457","24.1","43","1028"
10/10/2021 17:02:48,"482","24.1","43","1028"
10/10/2021 17:07:48,"474","24.1","43","1028"
10/10/2021 17:12:48,"465","24.1","43","1028"
10/10/2021 17:17:48,"463","24.1","43","1028"
10/10/2021 17:22:48,"474","24.1","43","1028"
10/10/2021 17:27:48,"458","24.1","43","1028"
10/10/2021 17:32:48,"459","24.1","43","1028"
10/10/2021 17:37:48,"461","24.1","43","1028"
10/10/2021 17:42:48,"457","24.0","43","1028"
10/10/2021 17:47:48,"465","24.0","43","1027"
10/10/2021 17:52:48,"466","24.0","43","1027"
10/10/2021 17:57:48,"464","24.0","43","1027"
10/10/2021 18:02:48,"461","24.0","43","1027"
10/10/2021 18:07:48,"478","24.0","43","1028"
10/10/2021 18:12:48,"455","24.0","43","1028"
10/10/2021 18:17:48,"457","24.0","43","1028"
10/10/2021 18:22:48,"459","24.0","43","1028"
10/10/2021 18:27:48,"463","24.0","43","1028"
10/10/2021 18:32:48,"458","24.0","43","1028"
10/10/2021 18:37:48,"467","24.0","43","1028"
10/10/2021 18:42:48,"479","24.0","43","1028"
10/10/2021 18:47:48,"460","24.0","43","1028"
10/10/2021 18:52:48,"470","24.0","43","1028"
10/10/2021 18:57:48,"458","24.0","43","1028"
10/10/2021 19:02:48,"465","24.0","43","1028"
10/10/2021 19:07:48,"490","24.0","43","1028"
10/10/2021 19:12:48,"463","24.0","43","1028"
10/10/2021 19:17:48,"468","24.0","43","1028"
10/10/2021 19:22:48,"453","24.0","43","1028"
10/10/2021 19:27:48,"464","24.0","43","1028"
10/10/2021 19:32:48,"468","23.9","43","1028"
10/10/2021 19:37:48,"473","23.9","43","1028"
10/10/2021 19:42:48,"461","23.9","43","1028"
10/10/2021 19:47:48,"479","23.9","43","1028"
10/10/2021 19:52:48,"471","23.9","43","1028"
10/10/2021 19:57:48,"471","23.9","43","1028"
10/10/2021 20:02:48,"461","23.9","43","1028"
10/10/2021 20:07:48,"461","23.9","43","1028"
10/10/2021 20:12:48,"467","23.9","43","1028"
10/10/2021 20:17:48,"468","23.9","43","1028"
10/10/2021 20:22:48,"461","23.9","43","1028"
10/10/2021 20:27:48,"463","23.8","43","1028"
10/10/2021 20:32:48,"471","23.8","43","1028"
10/10/2021 20:37:48,"462","23.8","43","1028"
10/10/2021 20:42:48,"465","23.8","43","1028"
10/10/2021 20:47:48,"465","23.8","43","1028"
10/10/2021 20:52:48,"471","23.8","43","1028"
10/10/2021 20:57:48,"472","23.8","43","1028"
10/10/2021 21:02:48,"474","23.8","43","1028"
10/10/2021 21:07:48,"478","23.8","43","1028"
10/10/2021 21:12:48,"463","23.8","42","1028"
10/10/2021 21:17:48,"463","23.8","42","1028"
10/10/2021 21:22:48,"468","23.8","42","1028"
10/10/2021 21:27:48,"463","23.8","42","1028"
10/10/2021 21:32:48,"472","23.8","42","1028"
10/10/2021 21:37:48,"472","23.8","42","1028"
10/10/2021 21:42:48,"459","23.8","42","1028"
10/10/2021 21:47:48,"481","23.8","42","1028"
10/10/2021 21:52:48,"463","23.8","42","1028"
10/10/2021 21:57:48,"474","23.8","42","1028"
10/10/2021 22:02:48,"463","23.8","42","1028"
10/10/2021 22:07:48,"469","23.8","42","1028"
10/10/2021 22:12:48,"458","23.8","42","1028"
10/10/2021 22:17:48,"474","23.7","42","1028"
10/10/2021 22:22:48,"463","23.8","42","1028"
10/10/2021 22:27:48,"459","23.8","42","1028"
10/10/2021 22:32:48,"476","23.8","42","1028"
10/10/2021 22:37:48,"484","23.7","42","1028"
10/10/2021 22:42:48,"467","23.7","42","1028"
10/10/2021 22:47:48,"472","23.7","42","1028"
10/10/2021 22:52:48,"461","23.7","42","1028"
10/10/2021 22:57:48,"475","23.7","42","1028"
10/10/2021 23:02:48,"465","23.7","42","1028"
10/10/2021 23:07:48,"475","23.7","42","1028"
10/10/2021 23:12:48,"471","23.7","42","1028"
10/10/2021 23:17:48,"476","23.7","41","1028"
10/10/2021 23:22:48,"461","23.6","41","1028"
10/10/2021 23:27:48,"465","23.6","41","1028"
10/10/2021 23:32:48,"470","23.6","41","1028"
10/10/2021 23:37:48,"459","23.6","41","1028"
10/10/2021 23:42:48,"460","23.6","41","1028"
10/10/2021 23:47:48,"468","23.6","41","1028"
10/10/2021 23:52:48,"470","23.6","41","1029"
10/10/2021 23:57:48,"470","23.6","41","1029"
11/10/2021 00:02:48,"472","23.6","41","1029"
11/10/2021 00:07:48,"463","23.6","41","1029"
11/10/2021 00:12:48,"468","23.6","41","1029"
11/10/2021 00:17:48,"486","23.6","41","1029"
11/10/2021 00:22:48,"467","23.6","41","1029"
11/10/2021 00:27:48,"478","23.6","41","1029"
11/10/2021 00:32:48,"463","23.6","41","1029"
11/10/2021 00:37:48,"473","23.6","41","1029"
11/10/2021 00:42:48,"469","23.6","41","1029"
11/10/2021 00:47:48,"458","23.6","41","1029"
11/10/2021 00:52:48,"473","23.6","41","1029"
11/10/2021 00:57:48,"476","23.6","41","1029"
11/10/2021 01:02:48,"469","23.6","41","1029"
11/10/2021 01:07:48,"482","23.6","41","1029"
11/10/2021 01:12:48,"464","23.5","41","1029"
11/10/2021 01:17:48,"466","23.6","41","1029"
11/10/2021 01:22:48,"472","23.5","41","1029"
11/10/2021 01:27:48,"465","23.6","41","1029"
11/10/2021 01:32:48,"462","23.5","41","1029"
11/10/2021 01:37:48,"469","23.5","41","1029"
11/10/2021 01:42:48,"475","23.5","41","1029"
11/10/2021 01:47:48,"479","23.5","41","1029"
11/10/2021 01:52:48,"451","23.5","41","1029"
11/10/2021 01:57:48,"464","23.5","41","1029"
11/10/2021 02:02:48,"479","23.5","41","1029"
11/10/2021 02:07:48,"488","23.5","41","1029"
11/10/2021 02:12:48,"472","23.5","41","1029"
11/10/2021 02:17:48,"460","23.5","41","1029"
11/10/2021 02:22:48,"467","23.5","41","1029"
11/10/2021 02:27:48,"469","23.5","41","1029"
11/10/2021 02:32:48,"466","23.5","41","1029"
11/10/2021 02:37:48,"476","23.5","41","1029"
11/10/2021 02:42:48,"478","23.5","41","1029"
11/10/2021 02:47:48,"473","23.5","41","1029"
11/10/2021 02:52:48,"469","23.5","41","1029"
11/10/2021 02:57:48,"478","23.5","41","1029"
11/10/2021 03:02:48,"475","23.5","41","1029"
11/10/2021 03:07:48,"469","23.5","41","1029"
11/10/2021 03:12:48,"479","23.5","41","1029"
11/10/2021 03:17:48,"456","23.5","41","1029"
11/10/2021 03:22:48,"474","23.5","41","1029"
11/10/2021 03:27:48,"458","23.5","41","1029"
11/10/2021 03:32:48,"468","23.5","41","1029"
11/10/2021 03:37:48,"469","23.5","41","1029"
11/10/2021 03:42:48,"468","23.5","41","1029"
11/10/2021 03:47:48,"467","23.5","41","1029"
11/10/2021 03:52:48,"470","23.5","41","1029"
11/10/2021 03:57:48,"481","23.5","41","1029"
11/10/2021 04:02:48,"480","23.5","41","1029"
11/10/2021 04:07:48,"460","23.5","41","1029"
11/10/2021 04:12:48,"467","23.5","41","1029"
11/10/2021 04:17:48,"469","23.5","41","1029"
11/10/2021 04:22:48,"467","23.5","41","1029"
11/10/2021 04:27:48,"473","23.5","41","1029"
11/10/2021 04:32:48,"486","23.5","41","1029"
11/10/2021 04:37:48,"476","23.5","41","1029"
11/10/2021 04:42:48,"473","23.5","41","1029"
11/10/2021 04:47:48,"478","23.5","41","1029"
11/10/2021 04:52:48,"482","23.5","41","1029"
11/10/2021 04:57:48,"481","23.5","41","1029"
11/10/2021 05:02:48,"469","23.5","41","1029"
11/10/2021 05:07:48,"473","23.5","40","1029"
11/10/2021 05:12:48,"476","23.5","40","1029"
11/10/2021 05:17:48,"465","23.5","40","1029"
11/10/2021 05:22:48,"473","23.5","41","1029"
11/10/2021 05:27:48,"472","23.5","40","1029"
11/10/2021 05:32:48,"465","23.5","40","1029"
11/10/2021 05:37:48,"474","23.5","40","1029"
11/10/2021 05:42:48,"494","23.5","40","1029"
11/10/2021 05:47:48,"467","23.5","40","1029"
11/10/2021 05:52:48,"473","23.5","40","1029"
11/10/2021 05:57:48,"471","23.5","40","1029"
11/10/2021 06:02:48,"468","23.5","40","1029"
11/10/2021 06:07:48,"492","23.5","40","1029"
11/10/2021 06:12:48,"483","23.5","40","1029"
11/10/2021 06:17:48,"468","23.5","40","1029"
11/10/2021 06:22:48,"473","23.5","40","1029"
11/10/2021 06:27:48,"472","23.5","40","1029"
11/10/2021 06:32:48,"484","23.5","40","1029"
11/10/2021 06:37:48,"481","23.5","40","1029"
11/10/2021 06:42:48,"469","23.5","40","1029"
11/10/2021 06:47:48,"489","23.4","40","1029"
11/10/2021 06:52:48,"494","23.4","40","1029"
11/10/2021 06:57:48,"491","23.4","41","1029"
11/10/2021 07:02:48,"477","23.4","41","1029"
11/10/2021 07:07:48,"476","23.4","41","1029"
11/10/2021 07:12:48,"465","23.4","41","1029"
11/10/2021 07:17:48,"485","23.3","41","1029"
11/10/2021 07:22:48,"469","23.3","41","1029"
11/10/2021 07:27:48,"465","23.3","41","1029"
11/10/2021 07:32:48,"481","23.2","41","1029"
11/10/2021 07:37:48,"484","23.2","41","1029"
11/10/2021 07:42:48,"485","23.2","41","1029"
11/10/2021 07:47:48,"491","23.2","41","1029"
11/10/2021 07:52:48,"479","23.2","41","1029"
11/10/2021 07:57:48,"481","23.2","41","1029"
11/10/2021 08:02:48,"495","23.2","41","1029"
11/10/2021 08:07:48,"474","23.2","41","1029"
11/10/2021 08:12:48,"478","23.2","41","1029"
11/10/2021 08:17:48,"489","23.2","41","1029"
11/10/2021 08:22:48,"489","23.2","41","1029"
11/10/2021 08:27:48,"524","23.2","41","1029"
11/10/2021 08:32:48,"545","23.2","41","1029"
11/10/2021 08:37:48,"642","23.2","42","1029"
11/10/2021 08:42:48,"588","23.2","41","1029"
11/10/2021 08:47:48,"583","23.2","41","1029"
11/10/2021 08:52:48,"591","23.2","41","1029"
11/10/2021 08:57:48,"602","23.2","42","1029"
11/10/2021 09:02:48,"621","23.2","42","1029"
11/10/2021 09:07:48,"644","23.2","42","1029"
11/10/2021 09:12:48,"670","23.2","42","1029"
11/10/2021 09:17:48,"678","23.2","42","1029"
11/10/2021 09:22:48,"690","23.3","42","1029"
11/10/2021 09:27:48,"701","23.3","42","1029"
11/10/2021 09:32:48,"691","24.0","44","1029"
11/10/2021 09:37:48,"707","23.9","42","1029"
11/10/2021 09:42:48,"799","23.7","42","1029"
11/10/2021 09:47:48,"804","23.5","43","1029"
11/10/2021 09:52:48,"803","23.5","43","1029"
11/10/2021 09:57:48,"785","23.5","43","1030"
11/10/2021 10:02:48,"794","23.5","43","1029"
11/10/2021 10:07:48,"743","23.4","43","1029"
11/10/2021 10:12:48,"729","23.4","42","1029"
11/10/2021 10:17:48,"720","23.5","42","1029"
11/10/2021 10:22:48,"709","23.4","42","1029"
11/10/2021 10:27:48,"710","23.5","42","1029"
11/10/2021 10:32:48,"714","23.4","42","1029"
11/10/2021 10:37:48,"694","23.5","42","1029"
11/10/2021 10:42:48,"726","23.4","42","1029"
11/10/2021 10:47:48,"714","23.4","42","1029"
11/10/2021 10:52:48,"716","23.4","42","1029"
11/10/2021 10:57:48,"721","23.4","42","1029"
11/10/2021 11:02:48,"685","23.4","42","1029"
11/10/2021 11:07:48,"633","23.3","42","1029"
11/10/2021 11:12:48,"618","23.3","42","1029"
11/10/2021 11:17:48,"615","23.2","42","1029"
11/10/2021 11:22:48,"591","23.2","42","1029"
11/10/2021 11:27:48,"578","23.2","42","1029"
11/10/2021 11:32:48,"573","23.1","42","1029"
11/10/2021 11:37:48,"567","23.1","42","1029"
11/10/2021 11:42:48,"556","23.1","41","1029"
11/10/2021 11:47:48,"563","23.0","41","1029"
11/10/2021 11:52:48,"571","23.0","41","1029"
11/10/2021 11:57:48,"584","23.0","42","1029"
11/10/2021 12:02:48,"590","23.0","42","1029"
11/10/2021 12:07:48,"584","23.0","42","1029"
11/10/2021 12:12:48,"580","23.0","41","1029"
11/10/2021 12:17:48,"585","23.0","41","1029"
11/10/2021 12:22:48,"582","23.0","41","1029"
11/10/2021 12:27:48,"579","23.0","41","1029"
11/10/2021 12:32:48,"614","22.9","42","1029"
11/10/2021 12:37:48,"615","22.9","42","1029"
11/10/2021 12:42:48,"612","22.9","42","1029"
11/10/2021 12:47:48,"647","23.0","42","1028"
11/10/2021 12:52:48,"657","23.0","42","1029"
11/10/2021 12:57:48,"648","23.0","42","1028"
11/10/2021 13:02:48,"644","23.1","42","1028"
11/10/2021 13:07:48,"648","23.1","42","1028"
11/10/2021 13:12:48,"652","23.2","42","1028"
11/10/2021 13:17:48,"645","23.2","42","1028"
11/10/2021 13:22:48,"672","23.2","42","1028"
11/10/2021 13:27:48,"643","23.2","42","1028"
11/10/2021 13:32:48,"626","23.2","41","1028"
11/10/2021 13:37:48,"582","23.2","41","1028"
11/10/2021 13:42:48,"575","23.2","41","1028"
11/10/2021 13:47:48,"593","23.2","41","1028"
11/10/2021 13:52:48,"596","23.2","41","1028"
11/10/2021 13:57:48,"589","23.2","41","1028"
11/10/2021 14:02:48,"614","23.2","41","1028"
11/10/2021 14:07:48,"619","23.1","41","1028"
11/10/2021 14:12:48,"627","23.1","41","1028"
11/10/2021 14:17:48,"640","23.1","41","1028"
11/10/2021 14:22:48,"619","23.1","41","1028"
11/10/2021 14:27:48,"633","23.1","41","1028"
11/10/2021 14:32:48,"642","23.1","41","1028"
11/10/2021 14:37:48,"633","23.2","41","1028"
11/10/2021 14:42:48,"629","23.2","41","1028"
11/10/2021 14:47:48,"629","23.2","41","1028"
11/10/2021 14:52:48,"633","23.2","41","1028"
11/10/2021 14:57:48,"624","23.2","41","1028"
11/10/2021 15:02:48,"643","23.2","41","1027"
11/10/2021 15:07:48,"644","23.3","41","1027"
11/10/2021 15:12:48,"641","23.4","42","1027"
11/10/2021 15:17:48,"636","23.3","41","1027"
11/10/2021 15:22:48,"629","23.3","42","1027"
11/10/2021 15:27:48,"588","23.2","41","1027"
11/10/2021 15:32:48,"589","23.2","42","1027"
11/10/2021 15:37:48,"587","24.0","41","1027"
11/10/2021 15:42:48,"586","23.7","41","1027"
11/10/2021 15:47:48,"607","23.4","41","1027"
11/10/2021 15:52:48,"551","23.2","41","1027"
11/10/2021 15:57:48,"539","23.2","41","1027"
11/10/2021 16:02:48,"545","23.1","41","1027"
11/10/2021 16:07:48,"531","23.1","41","1027"
11/10/2021 16:12:48,"534","23.1","41","1027"
11/10/2021 16:17:48,"544","23.0","41","1027"
11/10/2021 16:22:48,"524","23.0","41","1027"
11/10/2021 16:27:48,"531","23.0","41","1027"
11/10/2021 16:32:48,"524","23.0","41","1027"
11/10/2021 16:37:48,"527","23.0","41","1027"
11/10/2021 16:42:48,"534","23.0","41","1027"
11/10/2021 16:47:48,"558","23.0","41","1027"
11/10/2021 16:52:48,"526","23.0","41","1027"
11/10/2021 16:57:48,"534","23.1","41","1026"
11/10/2021 17:02:48,"525","23.0","41","1026"
11/10/2021 17:07:48,"517","23.1","41","1026"
11/10/2021 17:12:48,"522","23.0","41","1026"
11/10/2021 17:17:48,"533","23.1","41","1026"
11/10/2021 17:22:48,"515","23.0","41","1026"
11/10/2021 17:27:48,"511","23.1","41","1026"
11/10/2021 17:32:48,"511","23.1","41","1026"
11/10/2021 17:37:48,"508","23.1","41","1026"
11/10/2021 17:42:48,"508","23.0","41","1026"
11/10/2021 17:47:48,"493","23.0","40","1026"
11/10/2021 17:52:48,"501","23.0","40","1026"
11/10/2021 17:57:48,"492","23.0","40","1026"
11/10/2021 18:02:48,"496","23.0","41","1026"
11/10/2021 18:07:48,"505","23.0","41","1026"
11/10/2021 18:12:48,"489","23.0","41","1026"
11/10/2021 18:17:48,"508","23.0","41","1026"
11/10/2021 18:22:48,"495","23.0","41","1026"
11/10/2021 18:27:48,"501","23.0","41","1026"
11/10/2021 18:32:48,"490","23.0","41","1026"
11/10/2021 18:37:48,"497","23.0","41","1026"
11/10/2021 18:42:48,"505","23.0","41","1026"
11/10/2021 18:47:48,"472","23.0","41","1026"
11/10/2021 18:52:48,"478","23.0","41","1026"
11/10/2021 18:57:48,"500","23.0","41","1026"
11/10/2021 19:02:48,"490","23.0","41","1026"
11/10/2021 19:07:48,"489","23.0","41","1026"
11/10/2021 19:12:48,"486","23.0","41","1026"
11/10/2021 19:17:48,"486","23.0","41","1026"
11/10/2021 19:22:48,"473","23.0","41","1026"
11/10/2021 19:27:48,"486","23.1","41","1026"
11/10/2021 19:32:48,"471","23.0","41","1026"
11/10/2021 19:37:48,"481","23.0","41","1026"
11/10/2021 19:42:48,"480","23.1","41","1026"
11/10/2021 19:47:48,"486","23.0","41","1026"
11/10/2021 19:52:48,"485","23.1","41","1026"
11/10/2021 19:57:48,"479","23.1","41","1026"
11/10/2021 20:02:48,"478","23.0","41","1026"
11/10/2021 20:07:48,"477","23.1","41","1026"
11/10/2021 20:12:48,"468","23.1","41","1026"
11/10/2021 20:17:48,"492","23.1","41","1026"
11/10/2021 20:22:48,"474","23.1","41","1026"
11/10/2021 20:27:48,"476","23.1","41","1025"
11/10/2021 20:32:48,"480","23.1","41","1025"
11/10/2021 20:37:48,"484","23.1","41","1025"
11/10/2021 20:42:48,"475","23.1","41","1025"
11/10/2021 20:47:48,"480","23.1","41","1025"
11/10/2021 20:52:48,"487","23.1","41","1025"
11/10/2021 20:57:48,"464","23.1","41","1025"
11/10/2021 21:02:48,"481","23.1","41","1025"
11/10/2021 21:07:48,"480","23.1","41","1025"
11/10/2021 21:12:48,"465","23.1","41","1025"
11/10/2021 21:17:48,"463","23.1","41","1025"
11/10/2021 21:22:48,"467","23.1","41","1025"
11/10/2021 21:27:48,"475","23.1","41","1025"
11/10/2021 21:32:48,"470","23.1","41","1025"
11/10/2021 21:37:48,"474","23.1","41","1025"
11/10/2021 21:42:48,"476","23.1","41","1025"
11/10/2021 21:47:48,"468","23.1","41","1025"
11/10/2021 21:52:48,"465","23.1","41","1025"
11/10/2021 21:57:48,"489","23.1","41","1025"
11/10/2021 22:02:48,"455","23.1","41","1025"
11/10/2021 22:07:48,"470","23.1","41","1025"
11/10/2021 22:12:48,"482","23.1","41","1025"
11/10/2021 22:17:48,"483","23.1","41","1025"
11/10/2021 22:22:48,"480","23.1","41","1025"
11/10/2021 22:27:48,"471","23.1","41","1025"
11/10/2021 22:32:48,"467","23.1","41","1025"
11/10/2021 22:37:48,"468","23.1","41","1025"
11/10/2021 22:42:48,"462","23.1","41","1025"
11/10/2021 22:47:48,"473","23.1","41","1025"
11/10/2021 22:52:48,"477","23.1","41","1025"
11/10/2021 22:57:48,"456","23.1","41","1025"
11/10/2021 23:02:48,"477","23.1","41","1025"
11/10/2021 23:07:48,"480","23.1","41","1025"
11/10/2021 23:12:48,"461","23.1","41","1025"
11/10/2021 23:17:48,"458","23.1","42","1025"
11/10/2021 23:22:48,"463","23.1","42","1025"
11/10/2021 23:27:48,"474","23.1","42","1025"
11/10/2021 23:32:48,"465","23.1","42","1025"
11/10/2021 23:37:48,"470","23.1","42","1025"
11/10/2021 23:42:48,"467","23.1","42","1025"
11/10/2021 23:47:48,"473","23.1","42","1025"
11/10/2021 23:52:48,"460","23.1","42","1024"
11/10/2021 23:57:48,"461","23.2","42","1025"
12/10/2021 00:02:48,"470","23.1","42","1024"
12/10/2021 00:07:48,"477","23.1","42","1025"
12/10/2021 00:12:48,"466","23.1","42","1025"
12/10/2021 00:17:48,"467","23.1","42","1025"
12/10/2021 00:22:48,"473","23.1","42","1024"
12/10/2021 00:27:48,"479","23.1","42","1024"
12/10/2021 00:32:48,"472","23.1","42","1024"
12/10/2021 00:37:48,"467","23.1","42","1024"
12/10/2021 00:42:48,"472","23.1","42","1024"
12/10/2021 00:47:48,"468","23.2","42","1024"
12/10/2021 00:52:48,"452","23.1","42","1024"
12/10/2021 00:57:48,"462","23.2","42","1024"
12/10/2021 01:02:48,"467","23.2","42","1024"
12/10/2021 01:07:48,"474","23.2","42","1024"
12/10/2021 01:12:48,"472","23.2","42","1024"
12/10/2021 01:17:48,"476","23.2","42","1024"
12/10/2021 01:22:48,"459","23.2","42","1024"
12/10/2021 01:27:48,"456","23.2","42","1024"
12/10/2021 01:32:48,"461","23.2","42","1024"
12/10/2021 01:37:48,"481","23.2","42","1024"
12/10/2021 01:42:48,"453","23.2","42","1024"
12/10/2021 01:47:48,"461","23.2","42","1024"
12/10/2021 01:52:48,"469","23.2","42","1024"
12/10/2021 01:57:48,"464","23.2","42","1024"
12/10/2021 02:02:48,"464","23.2","42","1024"
12/10/2021 02:07:48,"464","23.2","42","1024"
12/10/2021 02:12:48,"465","23.2","42","1024"
12/10/2021 02:17:48,"451","23.2","42","1024"
12/10/2021 02:22:48,"465","23.2","42","1024"
12/10/2021 02:27:48,"474","23.2","42","1024"
12/10/2021 02:32:48,"468","23.2","42","1024"
12/10/2021 02:37:48,"460","23.2","42","1024"
12/10/2021 02:42:48,"454","23.2","42","1024"
12/10/2021 02:47:48,"459","23.2","42","1024"
12/10/2021 02:52:48,"475","23.2","42","1024"
12/10/2021 02:57:48,"473","23.2","42","1024"
12/10/2021 03:02:48,"467","23.2","42","1024"
12/10/2021 03:07:48,"476","23.2","42","1024"
12/10/2021 03:12:48,"467","23.2","42","1024"
12/10/2021 03:17:48,"464","23.2","42","1024"
12/10/2021 03:22:48,"466","23.2","42","1024"
12/10/2021 03:27:48,"463","23.2","42","1024"
12/10/2021 03:32:48,"462","23.2","42","1024"
12/10/2021 03:37:48,"479","23.2","42","1024"
12/10/2021 03:42:48,"473","23.2","42","1023"
12/10/2021 03:47:48,"460","23.2","42","1023"
12/10/2021 03:52:48,"461","23.2","42","1023"
12/10/2021 03:57:48,"459","23.2","42","1023"
12/10/2021 04:02:48,"462","23.2","42","1023"
12/10/2021 04:07:48,"462","23.2","42","1023"
12/10/2021 04:12:48,"465","23.2","42","1023"
12/10/2021 04:17:48,"461","23.2","42","1023"
12/10/2021 04:22:48,"463","23.2","42","1023"
12/10/2021 04:27:48,"457","23.2","42","1023"
12/10/2021 04:32:48,"458","23.2","42","1023"
12/10/2021 04:37:48,"457","23.2","42","1023"
12/10/2021 04:42:48,"466","23.2","42","1023"
12/10/2021 04:47:48,"460","23.2","42","1023"
12/10/2021 04:52:48,"468","23.2","42","1023"
12/10/2021 04:57:48,"462","23.2","42","1023"
12/10/2021 05:02:48,"459","23.3","42","1023"
12/10/2021 05:07:48,"472","23.3","42","1023"
12/10/2021 05:12:48,"479","23.3","42","1023"
12/10/2021 05:17:48,"465","23.3","42","1023"
12/10/2021 05:22:48,"471","23.3","42","1023"
12/10/2021 05:27:48,"470","23.3","42","1023"
12/10/2021 05:32:48,"471","23.3","43","1023"
12/10/2021 05:37:48,"464","23.3","43","1023"
12/10/2021 05:42:48,"465","23.3","43","1023"
12/10/2021 05:47:48,"454","23.2","43","1023"
12/10/2021 05:52:48,"467","23.3","43","1023"
12/10/2021 05:57:48,"458","23.3","43","1023"
12/10/2021 06:02:48,"468","23.3","43","1023"
12/10/2021 06:07:48,"468","23.3","43","1023"
12/10/2021 06:12:48,"462","23.3","43","1023"
12/10/2021 06:17:48,"472","23.3","43","1023"
12/10/2021 06:22:48,"475","23.4","43","1023"
12/10/2021 06:27:48,"459","23.3","43","1023"
12/10/2021 06:32:48,"467","23.3","43","1023"
12/10/2021 06:37:48,"467","23.3","43","1023"
12/10/2021 06:42:48,"474","23.4","43","1023"
12/10/2021 06:47:48,"462","23.3","43","1023"
12/10/2021 06:52:48,"468","23.2","43","1023"
12/10/2021 06:57:48,"465","23.3","43","1023"
12/10/2021 07:02:48,"470","23.3","43","1024"
12/10/2021 07:07:48,"477","23.3","43","1024"
12/10/2021 07:12:48,"469","23.2","43","1024"
12/10/2021 07:17:48,"464","23.2","43","1024"
12/10/2021 07:22:48,"470","23.2","43","1024"
12/10/2021 07:27:48,"474","23.2","43","1024"
12/10/2021 07:32:48,"467","23.2","43","1024"
12/10/2021 07:37:48,"474","23.1","43","1024"
12/10/2021 07:42:48,"457","23.1","43","1025"
12/10/2021 07:47:48,"474","23.1","43","1025"
12/10/2021 07:52:48,"456","23.1","43","1025"
12/10/2021 07:57:48,"466","23.1","44","1025"
12/10/2021 08:02:48,"462","23.1","44","1025"
12/10/2021 08:07:48,"469","23.0","44","1025"
12/10/2021 08:12:48,"489","23.1","44","1025"
12/10/2021 08:17:48,"485","23.1","44","1025"
12/10/2021 08:22:48,"482","23.0","44","1025"
12/10/2021 08:27:48,"497","23.0","44","1025"
12/10/2021 08:32:48,"514","23.0","44","1025"
12/10/2021 08:37:48,"575","22.9","45","1025"
12/10/2021 08:42:48,"570","22.6","46","1025"
12/10/2021 08:47:48,"582","22.5","46","1025"
12/10/2021 08:52:48,"596","22.5","46","1025"
12/10/2021 08:57:48,"610","22.4","47","1025"
12/10/2021 09:02:48,"595","22.4","47","1026"
12/10/2021 09:07:48,"607","22.3","47","1026"
12/10/2021 09:12:48,"596","22.3","47","1026"
12/10/2021 09:17:48,"611","22.3","47","1026"
12/10/2021 09:22:48,"614","22.2","47","1026"
12/10/2021 09:27:48,"598","22.3","47","1026"
12/10/2021 09:32:48,"604","22.3","47","1026"
12/10/2021 09:37:48,"615","22.3","47","1026"
12/10/2021 09:42:48,"640","22.4","47","1026"
12/10/2021 09:47:48,"643","22.4","47","1026"
12/10/2021 09:52:48,"681","22.4","47","1026"
12/10/2021 09:57:48,"709","22.4","47","1026"
12/10/2021 10:02:48,"747","22.5","47","1026"
12/10/2021 10:07:48,"774","22.5","47","1026"
12/10/2021 10:12:48,"810","22.5","47","1026"
12/10/2021 10:17:48,"790","22.5","47","1026"
12/10/2021 10:22:48,"776","22.5","46","1026"
12/10/2021 10:27:48,"792","22.5","46","1026"
12/10/2021 10:32:48,"783","22.6","46","1026"
12/10/2021 10:37:48,"807","22.6","46","1026"
12/10/2021 10:42:48,"862","22.6","46","1026"
12/10/2021 10:47:48,"936","22.7","46","1026"
12/10/2021 10:52:48,"900","22.8","46","1026"
12/10/2021 10:57:48,"915","22.8","46","1026"
12/10/2021 11:02:48,"869","22.8","46","1026"
12/10/2021 11:07:48,"792","22.8","46","1026"
12/10/2021 11:12:48,"728","22.8","46","1026"
12/10/2021 11:17:48,"718","22.8","46","1026"
12/10/2021 11:22:48,"704","22.8","46","1026"
12/10/2021 11:27:48,"683","22.8","46","1026"
12/10/2021 11:32:48,"691","22.8","46","1026"
12/10/2021 11:37:48,"680","22.8","46","1026"
12/10/2021 11:42:48,"677","22.9","46","1026"
12/10/2021 11:47:48,"661","22.9","46","1026"
12/10/2021 11:52:48,"653","22.9","46","1026"
12/10/2021 11:57:48,"689","23.0","46","1026"
12/10/2021 12:02:48,"656","23.0","46","1026"
12/10/2021 12:07:48,"693","23.0","46","1026"
12/10/2021 12:12:48,"681","23.1","46","1026"
12/10/2021 12:17:48,"684","23.1","46","1026"
12/10/2021 12:22:48,"696","23.1","46","1026"
12/10/2021 12:27:48,"654","23.2","45","1026"
12/10/2021 12:32:48,"714","23.2","46","1026"
12/10/2021 12:37:48,"635","23.4","45","1026"
12/10/2021 12:42:48,"625","23.5","45","1026"
12/10/2021 12:47:48,"646","23.5","45","1026"
12/10/2021 12:52:48,"669","23.5","45","1026"
12/10/2021 12:57:48,"679","23.5","45","1026"
12/10/2021 13:02:48,"681","23.5","45","1026"
12/10/2021 13:07:48,"693","23.5","45","1026"
12/10/2021 13:12:48,"665","23.5","44","1026"
12/10/2021 13:17:48,"657","23.5","44","1026"
12/10/2021 13:22:48,"693","23.5","44","1026"
12/10/2021 13:27:48,"644","23.5","44","1026"
12/10/2021 13:32:48,"636","23.5","44","1026"
12/10/2021 13:37:48,"606","23.4","44","1026"
12/10/2021 13:42:48,"560","23.4","44","1026"
12/10/2021 13:47:48,"568","23.4","44","1026"
12/10/2021 13:52:48,"538","23.4","44","1026"
12/10/2021 13:57:48,"575","23.4","44","1026"
12/10/2021 14:02:48,"565","23.4","44","1026"
12/10/2021 14:07:48,"592","23.4","44","1026"
12/10/2021 14:12:48,"565","23.5","44","1026"
12/10/2021 14:17:48,"559","23.5","44","1026"
12/10/2021 14:22:48,"559","23.5","43","1026"
12/10/2021 14:27:48,"573","23.4","43","1026"
12/10/2021 14:32:48,"615","23.4","44","1026"
12/10/2021 14:37:48,"602","23.4","43","1026"
12/10/2021 14:42:48,"629","23.4","44","1026"
12/10/2021 14:47:48,"625","23.5","43","1026"
12/10/2021 14:52:48,"647","23.5","43","1026"
12/10/2021 14:57:48,"628","23.5","43","1026"
12/10/2021 15:02:48,"637","23.5","43","1026"
12/10/2021 15:07:48,"634","23.4","43","1026"
12/10/2021 15:12:48,"595","23.4","43","1026"
12/10/2021 15:17:48,"626","23.4","43","1026"
12/10/2021 15:22:48,"621","23.4","43","1026"
12/10/2021 15:27:48,"574","23.4","42","1026"
12/10/2021 15:32:48,"550","23.4","42","1026"
12/10/2021 15:37:48,"543","23.3","42","1026"
12/10/2021 15:42:48,"533","23.2","42","1026"
12/10/2021 15:47:48,"527","23.2","42","1026"
12/10/2021 15:52:48,"522","23.2","42","1026"
12/10/2021 15:57:48,"536","23.1","42","1026"
12/10/2021 16:02:48,"525","23.1","42","1026"
12/10/2021 16:07:48,"526","23.0","42","1026"
12/10/2021 16:12:48,"535","23.0","42","1026"
12/10/2021 16:17:48,"537","22.9","42","1026"
12/10/2021 16:22:48,"518","22.9","42","1026"
12/10/2021 16:27:48,"526","22.9","42","1026"
12/10/2021 16:32:48,"515","22.8","42","1026"
12/10/2021 16:37:48,"537","22.8","43","1026"
12/10/2021 16:42:48,"546","22.8","43","1026"
12/10/2021 16:47:48,"569","22.8","43","1026"
12/10/2021 16:52:48,"546","22.8","43","1026"
12/10/2021 16:57:48,"548","22.8","43","1026"
12/10/2021 17:02:48,"561","22.8","43","1026"
12/10/2021 17:07:48,"523","22.8","43","1026"
12/10/2021 17:12:48,"541","22.8","43","1026"
12/10/2021 17:17:48,"533","22.7","43","1026"
12/10/2021 17:22:48,"512","22.7","43","1026"
12/10/2021 17:27:48,"518","22.6","43","1026"
12/10/2021 17:32:48,"509","22.6","43","1026"
12/10/2021 17:37:48,"504","22.5","43","1026"
12/10/2021 17:42:48,"502","22.5","43","1025"
12/10/2021 17:47:48,"497","22.5","43","1025"
12/10/2021 17:52:48,"501","22.5","43","1026"
12/10/2021 17:57:48,"498","22.5","43","1026"
12/10/2021 18:02:48,"490","22.4","44","1026"
12/10/2021 18:07:48,"499","22.4","44","1026"
12/10/2021 18:12:48,"498","22.4","44","1026"
12/10/2021 18:17:48,"507","22.5","44","1026"
12/10/2021 18:22:48,"494","22.5","44","1026"
12/10/2021 18:27:48,"490","22.5","44","1026"
12/10/2021 18:32:48,"490","22.5","44","1026"
12/10/2021 18:37:48,"488","22.5","44","1026"
12/10/2021 18:42:48,"491","22.5","44","1026"
12/10/2021 18:47:48,"476","22.5","44","1026"
12/10/2021 18:52:48,"474","22.5","44","1026"
12/10/2021 18:57:48,"476","22.5","44","1026"
12/10/2021 19:02:48,"492","22.4","44","1026"
12/10/2021 19:07:48,"489","22.4","44","1026"
12/10/2021 19:12:48,"481","22.5","44","1026"
12/10/2021 19:17:48,"486","22.5","44","1026"
12/10/2021 19:22:48,"497","22.5","44","1026"
12/10/2021 19:27:48,"484","22.5","44","1026"
12/10/2021 19:32:48,"497","22.5","44","1026"
12/10/2021 19:37:48,"493","22.5","44","1026"
12/10/2021 19:42:48,"495","22.5","44","1026"
12/10/2021 19:47:48,"492","22.5","44","1026"
12/10/2021 19:52:48,"473","22.5","44","1026"
12/10/2021 19:57:48,"482","22.5","44","1026"
12/10/2021 20:02:48,"484","22.5","44","1026"
12/10/2021 20:07:48,"484","22.4","44","1026"
12/10/2021 20:12:48,"484","22.4","44","1026"
12/10/2021 20:17:48,"481","22.4","44","1026"
12/10/2021 20:22:48,"489","22.4","44","1026"
12/10/2021 20:27:48,"476","22.4","44","1026"
12/10/2021 20:32:48,"490","22.4","44","1026"
12/10/2021 20:37:48,"480","22.4","44","1026"
12/10/2021 20:42:48,"491","22.4","44","1026"
12/10/2021 20:47:48,"487","22.4","44","1026"
12/10/2021 20:52:48,"485","22.4","44","1026"
12/10/2021 20:57:48,"485","22.4","44","1026"
12/10/2021 21:02:48,"487","22.4","45","1026"
12/10/2021 21:07:48,"475","22.4","44","1025"
12/10/2021 21:12:48,"478","22.4","45","1025"
12/10/2021 21:17:48,"487","22.3","45","1026"
12/10/2021 21:22:48,"508","22.3","45","1025"
12/10/2021 21:27:48,"497","22.3","45","1025"
12/10/2021 21:32:48,"483","22.3","45","1025"
12/10/2021 21:37:48,"506","22.3","45","1025"
12/10/2021 21:42:48,"489","22.3","45","1025"
12/10/2021 21:47:48,"498","22.3","45","1025"
12/10/2021 21:52:48,"489","22.3","45","1025"
12/10/2021 21:57:48,"489","22.3","45","1025"
12/10/2021 22:02:48,"494","22.3","45","1025"
12/10/2021 22:07:48,"495","22.2","45","1025"
12/10/2021 22:12:48,"496","22.3","45","1025"
12/10/2021 22:17:48,"505","22.3","45","1025"
12/10/2021 22:22:48,"494","22.2","45","1025"
12/10/2021 22:27:48,"488","22.2","45","1025"
12/10/2021 22:32:48,"488","22.2","45","1025"
12/10/2021 22:37:48,"497","22.2","45","1025"
12/10/2021 22:42:48,"481","22.3","45","1025"
12/10/2021 22:47:48,"509","22.2","45","1025"
12/10/2021 22:52:48,"499","22.2","45","1025"
12/10/2021 22:57:48,"490","22.2","45","1025"
12/10/2021 23:02:48,"495","22.3","45","1025"
12/10/2021 23:07:48,"496","22.3","45","1025"
12/10/2021 23:12:48,"505","22.2","45","1025"
12/10/2021 23:17:48,"501","22.2","45","1025"
12/10/2021 23:22:48,"511","22.2","45","1025"
12/10/2021 23:27:48,"503","22.2","45","1025"
12/10/2021 23:32:48,"505","22.2","45","1025"
12/10/2021 23:37:48,"507","22.2","45","1025"
12/10/2021 23:42:48,"492","22.2","45","1025"
12/10/2021 23:47:48,"514","22.2","45","1025"
12/10/2021 23:52:48,"511","22.2","45","1025"
12/10/2021 23:57:48,"511","22.2","45","1025"
13/10/2021 00:02:48,"510","22.2","45","1025"
13/10/2021 00:07:48,"507","22.2","45","1025"
13/10/2021 00:12:48,"484","22.2","45","1025"
13/10/2021 00:17:48,"495","22.2","45","1024"
13/10/2021 00:22:48,"507","22.2","45","1025"
13/10/2021 00:27:48,"500","22.2","45","1025"
13/10/2021 00:32:48,"508","22.2","45","1025"
13/10/2021 00:37:48,"500","22.2","45","1025"
13/10/2021 00:42:48,"496","22.2","45","1025"
13/10/2021 00:47:48,"526","22.2","45","1024"
13/10/2021 00:52:48,"506","22.2","45","1024"
13/10/2021 00:57:48,"500","22.2","45","1024"
13/10/2021 01:02:48,"505","22.3","46","1024"
13/10/2021 01:07:48,"511","22.3","46","1024"
13/10/2021 01:12:48,"508","22.3","46","1024"
13/10/2021 01:17:48,"513","22.3","46","1024"
13/10/2021 01:22:48,"522","22.3","46","1024"
13/10/2021 01:27:48,"521","22.3","46","1024"
13/10/2021 01:32:48,"510","22.3","46","1024"
13/10/2021 01:37:48,"506","22.3","46","1024"
13/10/2021 01:42:48,"495","22.3","46","1024"
13/10/2021 01:47:48,"504","22.3","46","1024"
13/10/2021 01:52:48,"504","22.4","46","1024"
13/10/2021 01:57:48,"501","22.4","46","1024"
13/10/2021 02:02:48,"499","22.4","46","1024"
13/10/2021 02:07:48,"520","22.3","46","1024"
13/10/2021 02:12:48,"501","22.3","46","1024"
13/10/2021 02:17:48,"493","22.3","46","1024"
13/10/2021 02:22:48,"518","22.4","46","1024"
13/10/2021 02:27:48,"506","22.3","46","1024"
13/10/2021 02:32:48,"513","22.3","46","1024"
13/10/2021 02:37:48,"503","22.3","46","1024"
13/10/2021 02:42:48,"507","22.3","46","1024"
13/10/2021 02:47:48,"492","22.4","46","1024"
13/10/2021 02:52:48,"506","22.4","46","1024"
13/10/2021 02:57:48,"499","22.4","46","1024"
13/10/2021 03:02:48,"507","22.4","46","1024"
13/10/2021 03:07:48,"505","22.3","47","1024"
13/10/2021 03:12:48,"501","22.3","47","1024"
13/10/2021 03:17:48,"506","22.3","47","1024"
13/10/2021 03:22:48,"500","22.3","47","1024"
13/10/2021 03:27:48,"498","22.3","47","1024"
13/10/2021 03:32:48,"493","22.3","47","1024"
13/10/2021 03:37:48,"501","22.2","47","1024"
13/10/2021 03:42:48,"503","22.2","47","1024"
13/10/2021 03:47:48,"494","22.2","47","1024"
13/10/2021 03:52:48,"493","22.2","47","1024"
13/10/2021 03:57:48,"509","22.2","47","1024"
13/10/2021 04:02:48,"494","22.2","47","1024"
13/10/2021 04:07:48,"488","22.2","47","1024"
13/10/2021 04:12:48,"504","22.2","47","1024"
13/10/2021 04:17:48,"495","22.2","47","1024"
13/10/2021 04:22:48,"490","22.2","47","1024"
13/10/2021 04:27:48,"495","22.2","47","1024"
13/10/2021 04:32:48,"499","22.2","47","1024"
13/10/2021 04:37:48,"478","22.2","47","1024"
13/10/2021 04:42:48,"485","22.2","47","1024"
13/10/2021 04:47:48,"499","22.3","47","1024"
13/10/2021 04:52:48,"490","22.3","47","1024"
13/10/2021 04:57:48,"492","22.3","47","1024"
13/10/2021 05:02:48,"490","22.4","47","1024"
13/10/2021 05:07:48,"493","22.3","47","1024"
13/10/2021 05:12:48,"487","22.3","47","1024"
13/10/2021 05:17:48,"487","22.4","47","1024"
13/10/2021 05:22:48,"494","22.4","47","1024"
13/10/2021 05:27:48,"491","22.4","47","1024"
13/10/2021 05:32:48,"494","22.4","47","1024"
13/10/2021 05:37:48,"491","22.4","47","1024"
13/10/2021 05:42:48,"482","22.4","47","1024"
13/10/2021 05:47:48,"486","22.4","47","1024"
13/10/2021 05:52:48,"490","22.4","47","1024"
13/10/2021 05:57:48,"478","22.4","47","1024"
13/10/2021 06:02:48,"505","22.4","47","1024"
13/10/2021 06:07:48,"501","22.4","47","1024"
13/10/2021 06:12:48,"494","22.4","47","1024"
13/10/2021 06:17:48,"492","22.4","47","1024"
13/10/2021 06:22:48,"489","22.5","47","1024"
13/10/2021 06:27:48,"496","22.5","47","1024"
13/10/2021 06:32:48,"490","22.5","47","1024"
13/10/2021 06:37:48,"482","22.5","47","1024"
13/10/2021 06:42:48,"492","22.5","47","1024"
13/10/2021 06:47:48,"489","22.6","47","1024"
13/10/2021 06:52:48,"494","22.5","47","1024"
13/10/2021 06:57:48,"496","22.5","47","1024"
13/10/2021 07:02:48,"481","22.5","47","1024"
13/10/2021 07:07:48,"472","22.5","47","1024"
13/10/2021 07:12:48,"489","22.4","48","1024"
13/10/2021 07:17:48,"478","22.4","48","1024"
13/10/2021 07:22:48,"494","22.3","48","1024"
13/10/2021 07:27:48,"484","22.2","48","1024"
13/10/2021 07:32:48,"485","22.2","48","1024"
13/10/2021 07:37:48,"491","22.2","48","1024"
13/10/2021 07:42:48,"495","22.2","48","1024"
13/10/2021 07:47:48,"477","22.2","48","1024"
13/10/2021 07:52:48,"478","22.1","48","1024"
13/10/2021 07:57:48,"495","22.1","48","1024"
13/10/2021 08:02:48,"480","22.1","48","1024"
13/10/2021 08:07:48,"479","22.0","48","1024"
13/10/2021 08:12:48,"473","22.0","48","1024"
13/10/2021 08:17:48,"532","22.4","49","1024"
13/10/2021 08:22:48,"532","22.5","46","1024"
13/10/2021 08:27:48,"535","21.4","47","1024"
13/10/2021 08:32:48,"584","21.1","48","1024"
13/10/2021 08:37:48,"647","21.2","49","1024"
13/10/2021 08:42:48,"678","21.2","49","1024"
13/10/2021 08:47:48,"729","21.2","50","1024"
13/10/2021 08:52:48,"757","21.3","50","1024"
13/10/2021 08:57:48,"802","21.4","51","1024"
13/10/2021 09:02:48,"821","21.5","51","1024"
13/10/2021 09:07:48,"812","21.5","51","1024"
13/10/2021 09:12:48,"842","21.6","51","1024"
13/10/2021 09:17:48,"877","21.6","51","1024"
13/10/2021 09:22:48,"912","21.8","51","1024"
13/10/2021 09:27:48,"939","21.8","51","1024"
13/10/2021 09:32:48,"947","21.9","51","1024"
13/10/2021 09:37:48,"944","22.0","51","1024"
13/10/2021 09:42:48,"1003","22.0","52","1024"
13/10/2021 09:47:48,"1063","22.0","52","1024"
13/10/2021 09:52:48,"1146","22.2","53","1024"
13/10/2021 09:57:48,"1188","22.2","53","1024"
13/10/2021 10:02:48,"1218","22.4","54","1024"
13/10/2021 10:07:48,"1303","22.3","55","1024"
13/10/2021 10:12:48,"1333","22.4","56","1024"
13/10/2021 10:17:48,"1390","22.5","56","1024"
13/10/2021 10:22:48,"1434","22.5","56","1024"
13/10/2021 10:27:48,"1420","22.5","57","1024"
13/10/2021 10:32:48,"1465","22.4","56","1024"
13/10/2021 10:37:48,"1390","22.1","54","1024"
13/10/2021 10:42:48,"1405","22.0","54","1024"
13/10/2021 10:47:48,"1320","22.0","54","1024"
13/10/2021 10:52:48,"1260","22.0","53","1024"
13/10/2021 10:57:48,"1188","22.0","53","1024"
13/10/2021 11:02:48,"1268","22.1","53","1024"
13/10/2021 11:07:48,"1230","22.2","53","1024"
13/10/2021 11:12:48,"1276","22.4","53","1024"
13/10/2021 11:17:48,"1344","22.5","53","1024"
13/10/2021 11:22:48,"1307","22.6","53","1024"
13/10/2021 11:27:48,"1275","22.6","53","1024"
13/10/2021 11:32:48,"1234","22.7","52","1024"
13/10/2021 11:37:48,"1279","22.8","52","1024"
13/10/2021 11:42:48,"1313","22.9","52","1024"
13/10/2021 11:47:48,"1264","22.9","52","1024"
13/10/2021 11:52:48,"1263","22.9","51","1024"
13/10/2021 11:57:48,"1188","22.5","50","1024"
13/10/2021 12:02:48,"1203","22.0","50","1024"
13/10/2021 12:07:48,"1137","21.9","50","1024"
13/10/2021 12:12:48,"1128","21.9","51","1024"
13/10/2021 12:17:48,"1071","22.1","51","1024"
13/10/2021 12:22:48,"1051","22.2","51","1024"
13/10/2021 12:27:48,"1068","22.4","52","1024"
13/10/2021 12:32:48,"1118","22.5","52","1024"
13/10/2021 12:37:48,"1148","22.6","51","1024"
13/10/2021 12:42:48,"1123","22.2","50","1024"
13/10/2021 12:47:48,"1127","21.9","50","1024"
13/10/2021 12:52:48,"1106","21.8","52","1024"
13/10/2021 12:57:48,"1086","21.9","52","1024"
13/10/2021 13:02:48,"1069","22.0","52","1024"
13/10/2021 13:07:48,"1064","22.1","52","1024"
13/10/2021 13:12:48,"1042","22.2","52","1024"
13/10/2021 13:17:48,"983","22.2","51","1024"
13/10/2021 13:22:48,"957","21.9","51","1024"
13/10/2021 13:27:48,"960","21.8","51","1024"
13/10/2021 13:32:48,"950","22.0","50","1024"
13/10/2021 13:37:48,"1029","22.4","50","1024"
13/10/2021 13:42:48,"1049","22.5","50","1024"
13/10/2021 13:47:48,"1096","22.7","50","1024"
13/10/2021 13:52:48,"1139","22.9","50","1024"
13/10/2021 13:57:48,"1154","23.0","50","1024"
13/10/2021 14:02:48,"1192","23.1","50","1024"
13/10/2021 14:07:48,"1184","23.2","50","1024"
13/10/2021 14:12:48,"1158","23.2","49","1024"
13/10/2021 14:17:48,"1173","23.3","49","1024"
13/10/2021 14:22:48,"1160","23.3","49","1024"
13/10/2021 14:27:48,"1117","23.2","49","1024"
13/10/2021 14:32:48,"1056","23.2","49","1024"
13/10/2021 14:37:48,"837","23.5","47","1024"
13/10/2021 14:42:48,"531","22.9","45","1024"
13/10/2021 14:47:48,"540","22.4","45","1024"
13/10/2021 14:52:48,"569","22.8","46","1024"
13/10/2021 14:57:48,"546","23.1","46","1024"
13/10/2021 15:02:48,"553","23.3","45","1024"
13/10/2021 15:07:48,"547","23.4","45","1024"
13/10/2021 15:12:48,"562","23.5","45","1024"
13/10/2021 15:17:48,"558","23.5","45","1023"
13/10/2021 15:22:48,"548","23.5","44","1023"
13/10/2021 15:27:48,"605","23.6","45","1023"
13/10/2021 15:32:48,"624","23.6","44","1023"
13/10/2021 15:37:48,"655","23.7","44","1023"
13/10/2021 15:42:48,"640","23.7","44","1023"
13/10/2021 15:47:48,"679","23.8","44","1023"
13/10/2021 15:52:48,"656","23.8","44","1023"
13/10/2021 15:57:48,"617","23.8","44","1023"
13/10/2021 16:02:48,"571","23.7","44","1023"
13/10/2021 16:07:48,"544","23.7","44","1023"
13/10/2021 16:12:48,"535","23.6","44","1023"
13/10/2021 16:17:48,"525","23.6","44","1023"
13/10/2021 16:22:48,"528","23.5","44","1023"
13/10/2021 16:27:48,"512","23.5","44","1023"
13/10/2021 16:32:48,"519","23.5","44","1023"
13/10/2021 16:37:48,"517","23.5","44","1023"
13/10/2021 16:42:48,"518","23.5","44","1023"
13/10/2021 16:47:48,"512","23.5","44","1023"
13/10/2021 16:52:48,"505","23.4","44","1023"
13/10/2021 16:57:48,"502","23.4","44","1023"
13/10/2021 17:02:48,"501","23.4","43","1023"
13/10/2021 17:07:48,"480","23.4","43","1023"
13/10/2021 17:12:48,"483","23.4","43","1023"
13/10/2021 17:17:48,"478","23.4","44","1023"
13/10/2021 17:22:48,"493","23.2","44","1023"
13/10/2021 17:27:48,"489","23.2","43","1023"
13/10/2021 17:32:48,"484","23.2","43","1023"
13/10/2021 17:37:48,"485","23.2","43","1023"
13/10/2021 17:42:48,"479","23.1","43","1023"
13/10/2021 17:47:48,"478","23.1","43","1023"
13/10/2021 17:52:48,"470","23.1","43","1023"
13/10/2021 17:57:48,"478","23.1","43","1023"
13/10/2021 18:02:48,"477","23.0","43","1023"
13/10/2021 18:07:48,"483","23.0","43","1023"
13/10/2021 18:12:48,"474","23.1","43","1023"
13/10/2021 18:17:48,"477","23.1","43","1023"
13/10/2021 18:22:48,"489","23.1","43","1023"
13/10/2021 18:27:48,"493","23.1","43","1023"
13/10/2021 18:32:48,"488","23.2","43","1023"
13/10/2021 18:37:48,"497","23.2","43","1023"
13/10/2021 18:42:48,"492","23.2","43","1023"
13/10/2021 18:47:48,"479","23.2","43","1023"
13/10/2021 18:52:48,"496","23.2","43","1023"
13/10/2021 18:57:48,"511","23.2","44","1023"
13/10/2021 19:02:48,"504","23.2","44","1023"
13/10/2021 19:07:48,"492","23.2","44","1023"
13/10/2021 19:12:48,"500","23.2","44","1023"
13/10/2021 19:17:48,"498","23.2","44","1023"
13/10/2021 19:22:48,"502","23.4","44","1023"
13/10/2021 19:27:48,"500","23.3","44","1023"
13/10/2021 19:32:48,"505","23.4","44","1023"
13/10/2021 19:37:48,"518","23.4","44","1023"
13/10/2021 19:42:48,"498","23.4","44","1023"
13/10/2021 19:47:48,"483","23.4","44","1023"
13/10/2021 19:52:48,"501","23.5","44","1023"
13/10/2021 19:57:48,"513","23.5","44","1023"
13/10/2021 20:02:48,"485","23.5","44","1023"
13/10/2021 20:07:48,"480","23.5","44","1023"
13/10/2021 20:12:48,"487","23.5","44","1023"
13/10/2021 20:17:48,"478","23.5","44","1023"
13/10/2021 20:22:48,"480","23.5","44","1023"
13/10/2021 20:27:48,"492","23.5","44","1023"
13/10/2021 20:32:48,"489","23.5","43","1023"
13/10/2021 20:37:48,"471","23.5","43","1023"
13/10/2021 20:42:48,"484","23.5","43","1023"
13/10/2021 20:47:48,"491","23.5","43","1023"
13/10/2021 20:52:48,"477","23.5","43","1023"
13/10/2021 20:57:48,"477","23.5","43","1023"
13/10/2021 21:02:48,"466","23.5","43","1023"
13/10/2021 21:07:48,"490","23.5","43","1023"
13/10/2021 21:12:48,"482","23.5","43","1023"
13/10/2021 21:17:48,"498","23.5","43","1023"
13/10/2021 21:22:48,"465","23.5","43","1023"
13/10/2021 21:27:48,"485","23.5","43","1023"
13/10/2021 21:32:48,"486","23.5","43","1023"
13/10/2021 21:37:48,"474","23.5","43","1023"
13/10/2021 21:42:48,"473","23.5","43","1023"
13/10/2021 21:47:48,"479","23.5","43","1023"
13/10/2021 21:52:48,"469","23.5","43","1022"
13/10/2021 21:57:48,"482","23.5","43","1022"
13/10/2021 22:02:48,"480","23.5","43","1023"
13/10/2021 22:07:48,"483","23.5","43","1023"
13/10/2021 22:12:48,"488","23.5","43","1023"
13/10/2021 22:17:48,"477","23.5","43","1022"
13/10/2021 22:22:48,"478","23.5","43","1022"
13/10/2021 22:27:48,"482","23.6","43","1022"
13/10/2021 22:32:48,"483","23.6","43","1022"
13/10/2021 22:37:48,"484","23.6","43","1022"
13/10/2021 22:42:48,"460","23.6","43","1022"
13/10/2021 22:47:48,"486","23.6","43","1022"
13/10/2021 22:52:48,"472","23.6","42","1022"
13/10/2021 22:57:48,"477","23.5","42","1022"
13/10/2021 23:02:48,"468","23.6","42","1022"
13/10/2021 23:07:48,"480","23.6","42","1022"
13/10/2021 23:12:48,"479","23.5","42","1022"
13/10/2021 23:17:48,"461","23.5","42","1022"
13/10/2021 23:22:48,"489","23.5","42","1022"
13/10/2021 23:27:48,"482","23.5","42","1022"
13/10/2021 23:32:48,"474","23.5","42","1022"
13/10/2021 23:37:48,"469","23.5","42","1022"
13/10/2021 23:42:48,"465","23.5","42","1022"
13/10/2021 23:47:48,"471","23.5","42","1022"
13/10/2021 23:52:48,"466","23.5","42","1022"
13/10/2021 23:57:48,"477","23.5","42","1022"
14/10/2021 00:02:48,"469","23.6","42","1022"
14/10/2021 00:07:48,"471","23.6","42","1022"
14/10/2021 00:12:48,"464","23.6","42","1022"
14/10/2021 00:17:48,"484","23.6","42","1022"
14/10/2021 00:22:48,"477","23.6","42","1022"
14/10/2021 00:27:48,"478","23.5","42","1022"
14/10/2021 00:32:48,"470","23.5","42","1022"
14/10/2021 00:37:48,"489","23.5","42","1021"
14/10/2021 00:42:48,"469","23.5","42","1021"
14/10/2021 00:47:48,"467","23.5","42","1021"
14/10/2021 00:52:48,"465","23.5","42","1021"
14/10/2021 00:57:48,"466","23.5","42","1021"
14/10/2021 01:02:48,"462","23.5","42","1021"
14/10/2021 01:07:48,"476","23.5","42","1021"
14/10/2021 01:12:48,"469","23.5","42","1021"
14/10/2021 01:17:48,"481","23.5","42","1021"
14/10/2021 01:22:48,"486","23.5","42","1021"
14/10/2021 01:27:48,"465","23.5","42","1021"
14/10/2021 01:32:48,"469","23.5","42","1021"
14/10/2021 01:37:48,"480","23.6","42","1021"
14/10/2021 01:42:48,"469","23.6","42","1021"
14/10/2021 01:47:48,"469","23.6","42","1021"
14/10/2021 01:52:48,"477","23.6","42","1021"
14/10/2021 01:57:48,"480","23.6","42","1021"
14/10/2021 02:02:48,"476","23.6","42","1020"
14/10/2021 02:07:48,"474","23.6","42","1020"
14/10/2021 02:12:48,"472","23.5","42","1020"
14/10/2021 02:17:48,"470","23.5","42","1020"
14/10/2021 02:22:48,"481","23.5","42","1020"
14/10/2021 02:27:48,"470","23.5","42","1020"
14/10/2021 02:32:48,"479","23.5","42","1020"
14/10/2021 02:37:48,"477","23.5","42","1020"
14/10/2021 02:42:48,"470","23.5","41","1020"
14/10/2021 02:47:48,"487","23.5","41","1020"
14/10/2021 02:52:48,"466","23.6","41","1020"
14/10/2021 02:57:48,"476","23.6","41","1020"
14/10/2021 03:02:48,"486","23.5","41","1020"
14/10/2021 03:07:48,"468","23.6","41","1020"
14/10/2021 03:12:48,"466","23.6","41","1020"
14/10/2021 03:17:48,"481","23.6","41","1020"
14/10/2021 03:22:48,"474","23.6","41","1020"
14/10/2021 03:27:48,"468","23.5","41","1020"
14/10/2021 03:32:48,"474","23.5","41","1020"
14/10/2021 03:37:48,"478","23.5","41","1020"
14/10/2021 03:42:48,"472","23.5","41","1019"
14/10/2021 03:47:48,"455","23.5","41","1019"
14/10/2021 03:52:48,"471","23.5","41","1019"
14/10/2021 03:57:48,"468","23.5","41","1019"
14/10/2021 04:02:48,"481","23.5","41","1019"
14/10/2021 04:07:48,"471","23.5","41","1019"
14/10/2021 04:12:48,"459","23.6","41","1019"
14/10/2021 04:17:48,"470","23.5","41","1019"
14/10/2021 04:22:48,"473","23.5","41","1019"
14/10/2021 04:27:48,"468","23.5","41","1019"
14/10/2021 04:32:48,"470","23.6","41","1019"
14/10/2021 04:37:48,"451","23.6","41","1019"
14/10/2021 04:42:48,"478","23.6","41","1019"
14/10/2021 04:47:48,"464","23.6","41","1019"
14/10/2021 04:52:48,"482","23.5","41","1019"
14/10/2021 04:57:48,"467","23.5","41","1019"
14/10/2021 05:02:48,"477","23.5","41","1019"
14/10/2021 05:07:48,"465","23.5","41","1018"
14/10/2021 05:12:48,"463","23.5","41","1018"
14/10/2021 05:17:48,"471","23.5","41","1018"
14/10/2021 05:22:48,"482","23.5","41","1018"
14/10/2021 05:27:48,"462","23.5","41","1018"
14/10/2021 05:32:48,"477","23.5","41","1018"
14/10/2021 05:37:48,"465","23.5","41","1018"
14/10/2021 05:42:48,"468","23.5","41","1018"
14/10/2021 05:47:48,"487","23.5","41","1018"
14/10/2021 05:52:48,"472","23.5","41","1018"
14/10/2021 05:57:48,"467","23.5","41","1018"
14/10/2021 06:02:48,"478","23.6","41","1018"
14/10/2021 06:07:48,"471","23.5","41","1018"
14/10/2021 06:12:48,"466","23.6","41","1018"
14/10/2021 06:17:48,"478","23.5","41","1018"
14/10/2021 06:22:48,"472","23.5","41","1018"
14/10/2021 06:27:48,"479","23.5","41","1018"
14/10/2021 06:32:48,"483","23.5","41","1018"
14/10/2021 06:37:48,"466","23.5","41","1018"
14/10/2021 06:42:48,"470","23.5","41","1017"
14/10/2021 06:47:48,"474","23.5","41","1017"
14/10/2021 06:52:48,"478","23.5","41","1017"
14/10/2021 06:57:48,"459","23.5","41","1017"
14/10/2021 07:02:48,"485","23.5","41","1017"
14/10/2021 07:07:48,"454","23.5","41","1017"
14/10/2021 07:12:48,"480","23.5","41","1017"
14/10/2021 07:17:48,"474","23.5","41","1017"
14/10/2021 07:22:48,"470","23.5","41","1017"
14/10/2021 07:27:48,"481","23.5","41","1016"
14/10/2021 07:32:48,"491","23.4","41","1016"
14/10/2021 07:37:48,"490","23.5","41","1016"
14/10/2021 07:42:48,"477","23.4","42","1016"
14/10/2021 07:47:48,"487","23.4","41","1016"
14/10/2021 07:52:48,"479","23.4","41","1016"
14/10/2021 07:57:48,"473","23.4","41","1016"
14/10/2021 08:02:48,"485","23.4","42","1016"
14/10/2021 08:07:48,"487","23.4","41","1016"
14/10/2021 08:12:48,"486","23.4","41","1016"
14/10/2021 08:17:48,"508","23.2","42","1016"
14/10/2021 08:22:48,"493","23.1","41","1016"
14/10/2021 08:27:48,"549","23.1","42","1016"
14/10/2021 08:32:48,"532","23.0","42","1016"
14/10/2021 08:37:48,"615","23.1","43","1015"
14/10/2021 08:42:48,"646","23.2","43","1016"
14/10/2021 08:47:48,"644","23.2","43","1016"
14/10/2021 08:52:48,"622","23.1","42","1016"
14/10/2021 08:57:48,"655","23.1","43","1016"
14/10/2021 09:02:48,"675","23.1","42","1016"
14/10/2021 09:07:48,"647","23.2","42","1016"
14/10/2021 09:12:48,"653","23.2","42","1016"
14/10/2021 09:17:48,"653","23.3","42","1016"
14/10/2021 09:22:48,"690","23.4","42","1016"
14/10/2021 09:27:48,"720","23.2","42","1016"
14/10/2021 09:32:48,"730","23.2","42","1016"
14/10/2021 09:37:48,"800","23.3","43","1015"
14/10/2021 09:42:48,"768","23.2","42","1016"
14/10/2021 09:47:48,"712","23.2","42","1016"
14/10/2021 09:52:48,"685","23.3","42","1016"
14/10/2021 09:57:48,"661","23.5","42","1016"
14/10/2021 10:02:48,"616","23.5","41","1016"
14/10/2021 10:07:48,"606","23.5","41","1015"
14/10/2021 10:12:48,"598","23.5","41","1015"
14/10/2021 10:17:48,"581","23.5","41","1015"
14/10/2021 10:22:48,"573","23.5","41","1015"
14/10/2021 10:27:48,"558","23.6","40","1015"
14/10/2021 10:32:48,"667","23.5","41","1015"
14/10/2021 10:37:48,"713","23.5","41","1015"
14/10/2021 10:42:48,"748","23.4","42","1015"
14/10/2021 10:47:48,"719","23.4","42","1014"
14/10/2021 10:52:48,"732","23.3","42","1015"
14/10/2021 10:57:48,"733","23.2","42","1015"
14/10/2021 11:02:48,"720","23.4","42","1014"
14/10/2021 11:07:48,"676","23.4","42","1014"
14/10/2021 11:12:48,"621","23.5","41","1014"
14/10/2021 11:17:48,"594","23.5","41","1014"
14/10/2021 11:22:48,"590","23.5","41","1014"
14/10/2021 11:27:48,"576","23.5","41","1014"
14/10/2021 11:32:48,"562","23.5","41","1014"
14/10/2021 11:37:48,"547","23.5","41","1014"
14/10/2021 11:42:48,"563","23.4","41","1014"
14/10/2021 11:47:48,"545","23.4","41","1014"
14/10/2021 11:52:48,"530","23.3","41","1014"
14/10/2021 11:57:48,"583","23.1","41","1014"
14/10/2021 12:02:48,"629","23.1","41","1014"
14/10/2021 12:07:48,"558","23.1","41","1014"
14/10/2021 12:12:48,"581","22.9","41","1014"
14/10/2021 12:17:48,"550","22.8","42","1014"
14/10/2021 12:22:48,"543","22.8","42","1014"
14/10/2021 12:27:48,"556","22.6","42","1014"
14/10/2021 12:32:48,"569","22.7","42","1014"
14/10/2021 12:37:48,"554","22.6","42","1014"
14/10/2021 12:42:48,"554","22.6","42","1014"
14/10/2021 12:47:48,"573","22.7","43","1014"
14/10/2021 12:52:48,"581","22.8","43","1014"
14/10/2021 12:57:48,"579","22.7","43","1014"
14/10/2021 13:02:48,"574","22.7","43","1013"
14/10/2021 13:07:48,"570","22.6","43","1013"
14/10/2021 13:12:48,"583","22.6","43","1013"
14/10/2021 13:17:48,"584","22.6","43","1013"
14/10/2021 13:22:48,"639","22.7","43","1013"
14/10/2021 13:27:48,"658","22.8","43","1013"
14/10/2021 13:32:48,"766","22.9","44","1013"
14/10/2021 13:37:48,"810","23.4","44","1013"
14/10/2021 13:42:48,"706","23.4","43","1013"
14/10/2021 13:47:48,"600","23.3","43","1013"
14/10/2021 13:52:48,"576","23.2","43","1013"
14/10/2021 13:57:48,"545","23.1","43","1013"
14/10/2021 14:02:48,"550","23.0","43","1013"
14/10/2021 14:07:48,"579","22.9","44","1013"
14/10/2021 14:12:48,"522","22.9","43","1012"
14/10/2021 14:17:48,"510","22.9","43","1012"
14/10/2021 14:22:48,"511","22.8","43","1012"
14/10/2021 14:27:48,"513","22.8","44","1012"
14/10/2021 14:32:48,"528","22.9","44","1012"
